asm_path,asm_name,n_macro,n_update,n_forall,n_branch,n_rule,approach,status,exec_time_ms,n_scenarios,n_step,n_set,n_check,macro_coverage,update_rule_coverage,forall_rule_coverage,branch_coverage,rule_coverage,n_failing_scenarios,n_val_error_scenarios,casemutator_score,chooserulemutator_score,condnegator_score,condremover_score,forallmutator_score,partoseqmutator_score,seqtoparmutator_score,ruleremover_score
../../../asm_examples/PHD/phd_master_flat2_v2.asm,phd_master_flat2_v2,64,144,0,67,338,evoavalla-random4ea,OK,0.0,98,220,217,831,1.0,0.6319444,NaN,0.8955224,0.8964497,0,0,NaN,NaN,0.9701493,0.9402985,NaN,0.015625,NaN,0.74852073
../../../asm_examples/examples/TrafficLightYakindu/TrafficLight3/TrafficLight_3.asm,TrafficLight_3,14,35,0,23,88,evoavalla-random4ea,OK,0.0,8,28,26,138,1.0,0.9714286,NaN,0.7826087,1.0,0,0,NaN,NaN,1.0,0.375,NaN,0.0625,NaN,0.9886364
../../../asm_examples/stereoacuity/certifierGround.asm,certifierGround,12,12,0,7,36,evoavalla-random4ea,OK,0.0,8,26,10,155,1.0,0.9166667,NaN,1.0,1.0,0,0,NaN,NaN,1.0,1.0,NaN,0.0,NaN,0.9722222
../../../asm_examples/examples/traffic_light/oneWayTrafficLightUsingEnumFlat.asm,oneWayTrafficLightUsingEnumFlat,5,12,0,8,29,evoavalla-random4ea,OK,0.0,4,10,9,42,1.0,1.0,NaN,0.8125,1.0,0,0,NaN,NaN,1.0,0.625,NaN,0.0,NaN,1.0
../../../asm_examples/examples/simple_example/AdvancedClock2.asm,AdvancedClock2,2,3,0,3,9,evoavalla-random4ea,OK,0.0,4,20,11,3,1.0,1.0,NaN,1.0,1.0,0,0,NaN,NaN,0.33333334,0.33333334,NaN,0.0,NaN,0.33333334
../../../asm_examples/stereoacuity/certifier_nochoose.asm,certifier_nochoose,16,24,0,15,66,evoavalla-random4ea,OK,0.0,16,64,36,459,1.0,0.875,NaN,1.0,1.0,0,0,NaN,NaN,1.0,0.96666664,NaN,0.125,NaN,0.95384616
../../../asm_examples/examples/landingGearSystem/LGS_EV.asm,LGS_EV,4,38,0,3,60,evoavalla-random4ea,OK,0.0,14,66,47,438,1.0,1.0,NaN,1.0,1.0,0,0,1.0,NaN,1.0,1.0,NaN,0.0,NaN,1.0
../../../asm_examples/examples/TrafficLightYakindu/TrafficLight4/TrafficLight_4.asm,TrafficLight_4,13,11,0,17,60,evoavalla-random4ea,OK,0.0,8,28,26,157,1.0,0.90909094,NaN,0.85294116,1.0,0,0,NaN,NaN,1.0,0.5,NaN,0.09090909,NaN,0.98333335
../../../asm_examples/stereoacuity/certifier_nochoose_noundef.asm,certifier_nochoose_noundef,17,28,0,17,74,evoavalla-random4ea,OK,0.0,22,70,42,567,1.0,0.89285713,NaN,0.9411765,1.0,0,0,1.0,NaN,1.0,0.90625,NaN,0.22222222,NaN,0.9594595
../../../asm_examples/examples/landingGearSystem/LGS_SE.asm,LGS_SE,4,38,0,9,66,evoavalla-random4ea,OK,0.0,14,66,73,434,1.0,1.0,NaN,0.7777778,1.0,0,0,1.0,NaN,1.0,0.6666667,NaN,0.0,NaN,1.0
../../../asm_examples/PHD/phd_master_flat2_v0.asm,phd_master_flat2_v0,27,52,0,26,131,evoavalla-random4ea,OK,0.0,48,104,103,235,1.0,0.78846157,NaN,1.0,1.0,0,0,NaN,NaN,1.0,1.0,NaN,0.037037037,NaN,0.9160305
../../../asm_examples/examples/TrafficLightYakindu/TrafficLight0/TrafficLight_0.asm,TrafficLight_0,7,10,0,7,33,evoavalla-random4ea,OK,0.0,6,12,11,60,1.0,1.0,NaN,1.0,1.0,0,0,NaN,NaN,1.0,0.85714287,NaN,0.0,NaN,1.0
../../../asm_examples/examples/TrafficLightYakindu/TrafficLight2/TrafficLight_2.asm,TrafficLight_2,14,23,0,23,76,evoavalla-random4ea,OK,0.0,8,28,26,137,1.0,0.95652175,NaN,0.7826087,1.0,0,0,NaN,NaN,1.0,0.375,NaN,0.0625,NaN,0.9868421
../../../asm_examples/PHD/phd_master_flat2_v6.asm,phd_master_flat2_v6,6,152,0,14,253,evoavalla-random4ea,OK,0.0,138,336,339,810,1.0,0.69078946,NaN,1.0,0.94071144,0,0,0.6527778,NaN,1.0,1.0,NaN,0.0121951215,NaN,0.7798507
../../../asm_examples/PHD/phd_master_flat2_v3.asm,phd_master_flat2_v3,66,148,0,69,348,evoavalla-random4ea,OK,0.0,98,210,207,812,1.0,0.6013514,NaN,0.884058,0.87931037,0,0,NaN,NaN,0.9710145,0.942029,NaN,0.015151516,NaN,0.72988504
../../../asm_examples/examples/simple_example/AdvancedClock.asm,AdvancedClock,2,3,0,2,8,evoavalla-random4ea,OK,0.0,2,2,0,2,0.5,0.33333334,NaN,0.25,0.375,0,0,NaN,NaN,0.0,0.0,NaN,0.0,NaN,0.25
../../../asm_examples/stereoacuity/certifierRaff5ForSMTproof.asm,certifierRaff5ForSMTproof,15,24,0,13,61,evoavalla-random4ea,OK,0.0,8,32,26,267,0.93333334,0.5416667,NaN,0.84615386,0.8032787,0,0,1.0,NaN,1.0,0.7916667,NaN,0.14285715,NaN,0.75409836
../../../asm_examples/examples/landingGearSystem/LGS_GM.asm,LGS_GM,4,15,0,3,22,evoavalla-random4ea,OK,0.0,12,72,49,168,1.0,1.0,NaN,1.0,1.0,0,0,1.0,NaN,1.0,1.0,NaN,NaN,NaN,1.0
../../../asm_examples/examples/hemodialysisDevice/SCP2017/HemodialysisGround.asm,HemodialysisGround,5,2,0,3,11,evoavalla-random4ea,OK,0.0,2,6,0,8,1.0,1.0,NaN,1.0,1.0,0,0,NaN,NaN,0.6666667,0.6666667,NaN,1.0,NaN,0.8
../../../asm_examples/examples/simple_example/AdvancedClockDeciSecond.asm,AdvancedClockDeciSecond,2,4,0,3,11,evoavalla-random4ea,OK,0.0,2,20,0,13,0.5,0.5,NaN,0.5,0.54545456,0,0,NaN,NaN,0.33333334,0.33333334,NaN,0.0,NaN,0.45454547
../../../asm_examples/examples/traffic_light/oneWayTrafficLightOnlyPassedFlat.asm,oneWayTrafficLightOnlyPassedFlat,5,12,0,5,26,evoavalla-random4ea,OK,0.0,2,8,5,40,1.0,1.0,NaN,1.0,1.0,0,0,NaN,NaN,1.0,1.0,NaN,0.2,NaN,1.0
../../../asm_examples/examples/parkingSimple.asm,parkingSimple,1,2,0,2,4,evoavalla-random4ea,OK,0.0,4,6,10,5,1.0,1.0,NaN,1.0,1.0,0,0,NaN,NaN,1.0,0.6666667,NaN,NaN,NaN,0.75
../../../asm_examples/examples/traffic_light/oneWayTrafficLightOnlyPassed.asm,oneWayTrafficLightOnlyPassed,5,12,0,5,26,evoavalla-random4ea,OK,0.0,2,8,5,42,1.0,1.0,NaN,0.9,1.0,0,0,NaN,NaN,1.0,0.8,NaN,0.2,NaN,1.0
../../../asm_examples/unibgstudents/Prova.asm,Prova,3,2,0,4,9,evoavalla-random4ea,OK,0.0,4,6,5,10,1.0,1.0,NaN,0.875,1.0,0,0,NaN,NaN,1.0,0.75,NaN,1.0,NaN,1.0
../../../asm_examples/examples/hemodialysisDevice/ABZ2016/Hemodialysis_GM.asm,Hemodialysis_GM,5,2,0,3,11,evoavalla-random4ea,OK,0.0,2,6,0,8,1.0,1.0,NaN,1.0,1.0,0,0,NaN,NaN,0.6666667,0.6666667,NaN,1.0,NaN,0.8
../../../asm_examples/examples/landingGearSystem/LGS_EV_v2.asm,LGS_EV_v2,4,38,0,3,60,evoavalla-random4ea,OK,0.0,14,66,47,422,1.0,1.0,NaN,1.0,1.0,0,0,1.0,NaN,1.0,1.0,NaN,0.0,NaN,1.0
../../../asm_examples/examples/sensorVotingSimpleVersion.asm,sensorVotingSimpleVersion,2,5,0,4,12,evoavalla-random4ea,OK,0.0,6,6,13,9,1.0,0.8,NaN,0.875,1.0,0,0,NaN,NaN,0.5,0.33333334,NaN,0.0,NaN,0.0
../../../asm_examples/examples/landingGearSystem/LGS_GM_withError.asm,LGS_GM_withError,4,15,0,3,22,evoavalla-random4ea,OK,0.0,12,60,42,144,1.0,1.0,NaN,1.0,1.0,0,0,1.0,NaN,1.0,1.0,NaN,NaN,NaN,1.0
../../../asm_examples/examples/traffic_light/oneWayTrafficLightUsingEnum.asm,oneWayTrafficLightUsingEnum,5,12,0,8,29,evoavalla-random4ea,OK,0.0,4,10,9,46,1.0,1.0,NaN,0.875,1.0,0,0,NaN,NaN,1.0,0.75,NaN,0.0,NaN,1.0
../../../asm_examples/PillBox/Level0/pillbox_0.asm,pillbox_0,9,18,0,15,53,evoavalla-random4ea,OK,0.0,10,30,56,133,1.0,1.0,NaN,0.93333334,1.0,0,0,NaN,NaN,0.93333334,0.8947368,NaN,0.125,NaN,0.9230769
../../../asm_examples/stereoacuity/certifierRaff2.asm,certifierRaff2,14,18,0,10,50,evoavalla-random4ea,OK,0.0,10,34,20,240,1.0,1.0,NaN,1.0,1.0,0,0,NaN,NaN,1.0,1.0,NaN,0.0,NaN,1.0
../../../asm_examples/stereoacuity/certifierRaff5.asm,certifierRaff5,14,20,0,11,53,evoavalla-random4ea,OK,0.0,8,34,19,224,1.0,0.75,NaN,1.0,1.0,0,0,NaN,NaN,1.0,1.0,NaN,0.0,NaN,0.90384614
../../../asm_examples/PHD/phd_master_flat2_v7.asm,phd_master_flat2_v7,7,184,0,18,307,evoavalla-random4ea,OK,0.0,118,348,306,814,1.0,0.48369566,NaN,0.9166667,0.71335506,0,0,0.4883721,NaN,0.9444444,0.9,NaN,0.01010101,NaN,0.60923076
../../../asm_examples/examples/TrafficLightYakindu/TrafficLight_NOREF/TrafficLight_4.asm,TrafficLight_4,10,25,0,18,80,evoavalla-random4ea,OK,0.0,8,28,26,157,1.3,0.4,NaN,0.8055556,0.75,0,0,NaN,NaN,1.0,0.6666667,NaN,0.05263158,NaN,0.95
../../../asm_examples/examples/landingGearSystem/LGS_SE_v2.asm,LGS_SE_v2,4,38,0,9,66,evoavalla-random4ea,OK,0.0,14,66,75,418,1.0,1.0,NaN,0.7777778,1.0,0,0,1.0,NaN,1.0,0.6666667,NaN,0.0,NaN,1.0
../../../asm_examples/stereoacuity/certifierRaff1.asm,certifierRaff1,13,15,0,9,43,evoavalla-random4ea,OK,0.0,10,30,12,184,1.0,0.8,NaN,1.0,1.0,0,0,NaN,NaN,1.0,1.0,NaN,0.0,NaN,0.9302326
../../../asm_examples/examples/TrafficLightYakindu/TrafficLight1/TrafficLight_1.asm,TrafficLight_1,11,17,0,15,56,evoavalla-random4ea,OK,0.0,8,22,21,111,1.0,0.9411765,NaN,0.8333333,1.0,0,0,NaN,NaN,1.0,0.4375,NaN,0.07692308,NaN,0.98214287
../../../asm_examples/stereoacuity/certifierRaff3.asm,certifierRaff3,14,20,0,11,53,evoavalla-random4ea,OK,0.0,8,34,18,268,1.0,0.85,NaN,1.0,1.0,0,0,NaN,NaN,1.0,1.0,NaN,0.0,NaN,0.9423077
../../../asm_examples/examples/carController.asm,carController,1,5,0,2,7,evoavalla-random4ea,OK,0.0,2,2,2,3,1.0,0.0,NaN,0.25,0.2857143,0,0,0.0,NaN,0.5,0.25,NaN,NaN,NaN,0.0
../../../asm_examples/PHD/phd_master_flat2_v1.asm,phd_master_flat2_v1,4,52,0,3,85,evoavalla-random4ea,OK,0.0,48,104,103,248,1.0,0.78846157,NaN,1.0,1.0,0,0,1.0,NaN,1.0,1.0,NaN,0.037037037,NaN,0.875
../../../asm_examples/PHD/phd_master_flat2_v2.asm,phd_master_flat2_v2,64,144,0,67,338,evoavalla-atgt,OK,0.0,148,412,409,1264,1.0,0.7986111,NaN,0.98507464,1.0,0,0,NaN,NaN,1.0,0.9402985,NaN,0.015625,NaN,0.9142012
../../../asm_examples/examples/TrafficLightYakindu/TrafficLight3/TrafficLight_3.asm,TrafficLight_3,14,35,0,23,88,evoavalla-atgt,OK,0.0,21,74,88,329,1.0,1.0,NaN,0.9130435,1.0,0,0,NaN,NaN,1.0,0.29166666,NaN,0.0625,NaN,1.0
../../../asm_examples/stereoacuity/certifierGround.asm,certifierGround,12,12,0,7,36,evoavalla-atgt,OK,0.0,7,23,11,98,1.0,1.0,NaN,1.0,1.0,0,0,NaN,NaN,1.0,1.0,NaN,0.0,NaN,1.0
../../../asm_examples/examples/traffic_light/oneWayTrafficLightUsingEnumFlat.asm,oneWayTrafficLightUsingEnumFlat,5,12,0,8,29,evoavalla-atgt,OK,0.0,14,51,50,185,1.0,1.0,NaN,1.0,1.0,0,0,NaN,NaN,1.0,0.625,NaN,0.0,NaN,1.0
../../../asm_examples/examples/simple_example/AdvancedClock2.asm,AdvancedClock2,2,3,0,3,9,evoavalla-atgt,OK,0.0,3,21,12,16,1.0,1.0,NaN,1.0,1.0,0,0,NaN,NaN,1.0,1.0,NaN,0.0,NaN,1.0
../../../asm_examples/stereoacuity/certifier_nochoose.asm,certifier_nochoose,16,24,0,15,66,evoavalla-atgt,OK,0.0,13,57,55,373,1.0,0.9166667,NaN,1.0,1.0,0,0,NaN,NaN,1.0,0.96666664,NaN,0.125,NaN,0.9692308
../../../asm_examples/examples/landingGearSystem/LGS_EV.asm,LGS_EV,4,38,0,3,60,evoavalla-atgt,OK,0.0,19,108,89,564,1.0,1.0,NaN,1.0,1.0,0,0,1.0,NaN,1.0,1.0,NaN,0.0,NaN,1.0
../../../asm_examples/examples/TrafficLightYakindu/TrafficLight4/TrafficLight_4.asm,TrafficLight_4,13,11,0,17,60,evoavalla-atgt,OK,0.0,13,74,88,329,1.0,1.0,NaN,1.0,1.0,0,0,NaN,NaN,1.0,0.3888889,NaN,0.09090909,NaN,1.0
../../../asm_examples/stereoacuity/certifier_nochoose_noundef.asm,certifier_nochoose_noundef,17,28,0,17,74,evoavalla-atgt,OK,0.0,37,179,280,841,1.0,1.0,NaN,0.9411765,1.0,0,0,1.0,NaN,1.0,0.9375,NaN,0.22222222,NaN,1.0
../../../asm_examples/examples/landingGearSystem/LGS_SE.asm,LGS_SE,4,38,0,9,66,evoavalla-atgt,OK,0.0,26,152,195,706,1.0,1.0,NaN,1.0,1.0,0,0,1.0,NaN,1.0,0.5,NaN,0.0,NaN,1.0
../../../asm_examples/PHD/phd_master_flat2_v0.asm,phd_master_flat2_v0,27,52,0,26,131,evoavalla-atgt,OK,0.0,57,147,146,284,1.0,0.78846157,NaN,1.0,1.0,0,0,NaN,NaN,1.0,1.0,NaN,0.037037037,NaN,0.9160305
../../../asm_examples/examples/TrafficLightYakindu/TrafficLight0/TrafficLight_0.asm,TrafficLight_0,7,10,0,7,33,evoavalla-atgt,OK,0.0,6,19,18,75,1.0,1.0,NaN,1.0,1.0,0,0,NaN,NaN,1.0,0.42857143,NaN,0.0,NaN,1.0
../../../asm_examples/examples/TrafficLightYakindu/TrafficLight2/TrafficLight_2.asm,TrafficLight_2,14,23,0,23,76,evoavalla-atgt,OK,0.0,21,74,88,249,1.0,1.0,NaN,0.9130435,1.0,0,0,NaN,NaN,1.0,0.29166666,NaN,0.0625,NaN,1.0
../../../asm_examples/PHD/phd_master_flat2_v6.asm,phd_master_flat2_v6,6,152,0,14,253,evoavalla-atgt,OK,0.0,173,484,503,927,1.0,0.78289473,NaN,1.0,0.9881423,0,0,0.6805556,NaN,1.0,1.0,NaN,0.0121951215,NaN,0.869403
../../../asm_examples/PHD/phd_master_flat2_v3.asm,phd_master_flat2_v3,66,148,0,69,348,evoavalla-atgt,OK,0.0,152,413,410,1256,1.0,0.7905405,NaN,0.98550725,1.0,0,0,NaN,NaN,1.0,0.942029,NaN,0.015151516,NaN,0.8936782
../../../asm_examples/examples/simple_example/AdvancedClock.asm,AdvancedClock,2,3,0,2,8,evoavalla-atgt,OK,0.0,3,3604,0,3668,1.0,1.0,NaN,1.0,1.0,0,0,NaN,NaN,1.0,1.0,NaN,0.0,NaN,1.0
../../../asm_examples/stereoacuity/certifierRaff5ForSMTproof.asm,certifierRaff5ForSMTproof,15,24,0,13,61,evoavalla-atgt,OK,0.0,15,67,88,361,1.0,0.9166667,NaN,1.0,1.0,0,0,1.0,NaN,1.0,0.9583333,NaN,0.14285715,NaN,0.9672131
../../../asm_examples/examples/landingGearSystem/LGS_GM.asm,LGS_GM,4,15,0,3,22,evoavalla-atgt,OK,0.0,18,111,88,159,1.0,1.0,NaN,1.0,1.0,0,0,1.0,NaN,1.0,1.0,NaN,NaN,NaN,1.0
../../../asm_examples/examples/hemodialysisDevice/SCP2017/HemodialysisGround.asm,HemodialysisGround,5,2,0,3,11,evoavalla-atgt,OK,0.0,3,8,0,9,1.0,1.0,NaN,1.0,1.0,0,0,NaN,NaN,0.6666667,0.6666667,NaN,1.0,NaN,0.8
../../../asm_examples/examples/simple_example/AdvancedClockDeciSecond.asm,AdvancedClockDeciSecond,2,4,0,3,11,evoavalla-atgt,OK,0.0,3,36013,0,39670,1.0,1.0,NaN,1.0,1.0,0,0,NaN,NaN,1.0,1.0,NaN,0.0,NaN,1.0
../../../asm_examples/examples/traffic_light/oneWayTrafficLightOnlyPassedFlat.asm,oneWayTrafficLightOnlyPassedFlat,5,12,0,5,26,evoavalla-atgt,OK,0.0,10,43,40,133,1.0,1.0,NaN,1.0,1.0,0,0,NaN,NaN,1.0,1.0,NaN,0.2,NaN,1.0
../../../asm_examples/examples/parkingSimple.asm,parkingSimple,1,2,0,2,4,evoavalla-atgt,OK,0.0,3,7,11,3,1.0,1.0,NaN,1.0,1.0,0,0,NaN,NaN,0.5,1.0,NaN,NaN,NaN,1.0
../../../asm_examples/examples/traffic_light/oneWayTrafficLightOnlyPassed.asm,oneWayTrafficLightOnlyPassed,5,12,0,5,26,evoavalla-atgt,OK,0.0,11,47,44,144,1.0,1.0,NaN,1.0,1.0,0,0,NaN,NaN,1.0,1.0,NaN,0.2,NaN,1.0
../../../asm_examples/unibgstudents/Prova.asm,Prova,3,2,0,4,9,evoavalla-atgt,OK,0.0,4,10,9,10,1.0,1.0,NaN,1.0,1.0,0,0,NaN,NaN,1.0,0.75,NaN,1.0,NaN,1.0
../../../asm_examples/examples/hemodialysisDevice/ABZ2016/Hemodialysis_GM.asm,Hemodialysis_GM,5,2,0,3,11,evoavalla-atgt,OK,0.0,3,8,0,9,1.0,1.0,NaN,1.0,1.0,0,0,NaN,NaN,0.6666667,0.6666667,NaN,1.0,NaN,0.8
../../../asm_examples/examples/landingGearSystem/LGS_EV_v2.asm,LGS_EV_v2,4,38,0,3,60,evoavalla-atgt,OK,0.0,19,108,89,564,1.0,1.0,NaN,1.0,1.0,0,0,1.0,NaN,1.0,1.0,NaN,0.0,NaN,1.0
../../../asm_examples/examples/sensorVotingSimpleVersion.asm,sensorVotingSimpleVersion,2,5,0,4,12,evoavalla-atgt,OK,0.0,8,26,70,37,1.0,1.0,NaN,1.0,1.0,0,0,NaN,NaN,1.0,1.0,NaN,0.0,NaN,1.0
../../../asm_examples/examples/landingGearSystem/LGS_GM_withError.asm,LGS_GM_withError,4,15,0,3,22,evoavalla-atgt,OK,0.0,18,107,89,149,1.0,1.0,NaN,1.0,1.0,0,0,1.0,NaN,1.0,1.0,NaN,NaN,NaN,1.0
../../../asm_examples/examples/traffic_light/oneWayTrafficLightUsingEnum.asm,oneWayTrafficLightUsingEnum,5,12,0,8,29,evoavalla-atgt,OK,0.0,12,43,42,163,1.0,1.0,NaN,1.0,1.0,0,0,NaN,NaN,1.0,0.625,NaN,0.0,NaN,1.0
../../../asm_examples/PillBox/Level0/pillbox_0.asm,pillbox_0,9,18,0,15,53,evoavalla-atgt,OK,0.0,14,50,104,159,1.0,1.0,NaN,1.0,1.0,0,0,NaN,NaN,1.0,0.94736844,NaN,0.125,NaN,0.96153843
../../../asm_examples/stereoacuity/certifierRaff2.asm,certifierRaff2,14,18,0,10,50,evoavalla-atgt,OK,0.0,11,45,29,219,1.0,0.9444444,NaN,1.0,1.0,0,0,NaN,NaN,1.0,1.0,NaN,0.0,NaN,0.97959185
../../../asm_examples/stereoacuity/certifierRaff5.asm,certifierRaff5,14,20,0,11,53,evoavalla-atgt,OK,0.0,6,24,11,175,1.0,0.8,NaN,1.0,1.0,0,0,NaN,NaN,1.0,1.0,NaN,0.0,NaN,0.9230769
../../../asm_examples/PHD/phd_master_flat2_v7.asm,phd_master_flat2_v7,7,184,0,18,307,evoavalla-atgt,OK,0.0,197,697,694,1196,1.0,0.79347825,NaN,1.0,0.990228,0,0,0.6744186,NaN,1.0,1.0,NaN,0.01010101,NaN,0.8646154
../../../asm_examples/examples/TrafficLightYakindu/TrafficLight_NOREF/TrafficLight_4.asm,TrafficLight_4,10,25,0,18,80,evoavalla-atgt,OK,0.0,13,74,88,329,1.3,0.44,NaN,0.9444444,0.75,0,0,NaN,NaN,1.0,0.6666667,NaN,0.05263158,NaN,0.9625
../../../asm_examples/examples/landingGearSystem/LGS_SE_v2.asm,LGS_SE_v2,4,38,0,9,66,evoavalla-atgt,OK,0.0,26,152,195,706,1.0,1.0,NaN,1.0,1.0,0,0,1.0,NaN,1.0,0.5,NaN,0.0,NaN,1.0
../../../asm_examples/stereoacuity/certifierRaff1.asm,certifierRaff1,13,15,0,9,43,evoavalla-atgt,OK,0.0,10,34,20,159,1.0,0.93333334,NaN,1.0,1.0,0,0,NaN,NaN,1.0,1.0,NaN,0.0,NaN,0.9767442
../../../asm_examples/examples/TrafficLightYakindu/TrafficLight1/TrafficLight_1.asm,TrafficLight_1,11,17,0,15,56,evoavalla-atgt,OK,0.0,14,44,48,171,1.0,1.0,NaN,0.93333334,1.0,0,0,NaN,NaN,1.0,0.375,NaN,0.07692308,NaN,1.0
../../../asm_examples/stereoacuity/certifierRaff3.asm,certifierRaff3,14,20,0,11,53,evoavalla-atgt,OK,0.0,11,56,39,267,1.0,0.95,NaN,1.0,1.0,0,0,NaN,NaN,1.0,1.0,NaN,0.0,NaN,0.9807692
../../../asm_examples/examples/carController.asm,carController,1,5,0,2,7,evoavalla-atgt,OK,0.0,4,13,24,11,1.0,1.0,NaN,1.0,1.0,0,0,0.75,NaN,1.0,1.0,NaN,NaN,NaN,0.8888889
../../../asm_examples/PHD/phd_master_flat2_v1.asm,phd_master_flat2_v1,4,52,0,3,85,evoavalla-atgt,OK,0.0,58,150,149,290,1.0,0.78846157,NaN,1.0,1.0,0,0,1.0,NaN,1.0,1.0,NaN,0.037037037,NaN,0.875
../../../asm_examples/PHD/phd_master_flat2_v2.asm,phd_master_flat2_v2,64,144,0,67,338,evoavalla-random4atgt,OK,0.0,148,412,442,1301,1.0,0.6388889,NaN,0.9029851,0.9053255,0,0,NaN,NaN,0.9701493,0.9402985,NaN,0.015625,NaN,0.76035506
../../../asm_examples/examples/TrafficLightYakindu/TrafficLight3/TrafficLight_3.asm,TrafficLight_3,14,35,0,23,88,evoavalla-random4atgt,OK,0.0,21,74,80,337,1.0,0.9714286,NaN,0.8043478,1.0,0,0,NaN,NaN,1.0,0.45833334,NaN,0.0625,NaN,0.9886364
../../../asm_examples/stereoacuity/certifierGround.asm,certifierGround,12,12,0,7,36,evoavalla-random4atgt,OK,0.0,7,23,11,135,1.0,1.0,NaN,1.0,1.0,0,0,NaN,NaN,1.0,1.0,NaN,0.0,NaN,1.0
../../../asm_examples/examples/traffic_light/oneWayTrafficLightUsingEnumFlat.asm,oneWayTrafficLightUsingEnumFlat,5,12,0,8,29,evoavalla-random4atgt,OK,0.0,14,51,50,163,1.0,1.0,NaN,0.9375,1.0,0,0,NaN,NaN,1.0,0.875,NaN,0.0,NaN,1.0
../../../asm_examples/examples/simple_example/AdvancedClock2.asm,AdvancedClock2,2,3,0,3,9,evoavalla-random4atgt,OK,0.0,3,21,12,18,1.0,1.0,NaN,1.0,1.0,0,0,NaN,NaN,0.6666667,0.6666667,NaN,0.0,NaN,0.7777778
../../../asm_examples/stereoacuity/certifier_nochoose.asm,certifier_nochoose,16,24,0,15,66,evoavalla-random4atgt,OK,0.0,13,57,31,404,1.0,0.9166667,NaN,1.0,1.0,0,0,NaN,NaN,1.0,0.96666664,NaN,0.125,NaN,0.9692308
../../../asm_examples/examples/landingGearSystem/LGS_EV.asm,LGS_EV,4,38,0,3,60,evoavalla-random4atgt,OK,0.0,19,108,89,664,1.0,1.0,NaN,1.0,1.0,0,0,1.0,NaN,1.0,1.0,NaN,0.0,NaN,1.0
../../../asm_examples/examples/TrafficLightYakindu/TrafficLight4/TrafficLight_4.asm,TrafficLight_4,13,11,0,17,60,evoavalla-random4atgt,OK,0.0,13,74,72,350,1.0,0.90909094,NaN,0.85294116,1.0,0,0,NaN,NaN,1.0,0.5,NaN,0.09090909,NaN,0.98333335
../../../asm_examples/stereoacuity/certifier_nochoose_noundef.asm,certifier_nochoose_noundef,17,28,0,17,74,evoavalla-random4atgt,OK,0.0,37,179,106,1312,1.0,1.0,NaN,0.9411765,1.0,0,0,1.0,NaN,1.0,0.9375,NaN,0.22222222,NaN,1.0
../../../asm_examples/examples/landingGearSystem/LGS_SE.asm,LGS_SE,4,38,0,9,66,evoavalla-random4atgt,OK,0.0,26,152,192,818,1.0,1.0,NaN,0.8888889,1.0,0,0,1.0,NaN,1.0,0.8333333,NaN,0.0,NaN,1.0
../../../asm_examples/PHD/phd_master_flat2_v0.asm,phd_master_flat2_v0,27,52,0,26,131,evoavalla-random4atgt,OK,0.0,57,147,157,328,1.0,0.78846157,NaN,1.0,1.0,0,0,NaN,NaN,1.0,1.0,NaN,0.037037037,NaN,0.9160305
../../../asm_examples/examples/TrafficLightYakindu/TrafficLight0/TrafficLight_0.asm,TrafficLight_0,7,10,0,7,33,evoavalla-random4atgt,OK,0.0,6,19,18,71,1.0,1.0,NaN,1.0,1.0,0,0,NaN,NaN,1.0,0.85714287,NaN,0.0,NaN,1.0
../../../asm_examples/examples/TrafficLightYakindu/TrafficLight2/TrafficLight_2.asm,TrafficLight_2,14,23,0,23,76,evoavalla-random4atgt,OK,0.0,21,74,80,255,1.0,0.95652175,NaN,0.8043478,1.0,0,0,NaN,NaN,1.0,0.41666666,NaN,0.0625,NaN,0.9868421
../../../asm_examples/PHD/phd_master_flat2_v6.asm,phd_master_flat2_v6,6,152,0,14,253,evoavalla-random4atgt,OK,0.0,173,484,519,1141,1.0,0.70394737,NaN,1.0,0.9525692,0,0,0.6527778,NaN,1.0,1.0,NaN,0.0121951215,NaN,0.7910448
../../../asm_examples/PHD/phd_master_flat2_v3.asm,phd_master_flat2_v3,66,148,0,69,348,evoavalla-random4atgt,OK,0.0,152,413,445,1269,1.0,0.6081081,NaN,0.884058,0.87931037,0,0,NaN,NaN,0.9710145,0.942029,NaN,0.015151516,NaN,0.73275864
../../../asm_examples/examples/simple_example/AdvancedClock.asm,AdvancedClock,2,3,0,2,8,evoavalla-random4atgt,OK,0.0,3,3604,0,7151,1.0,1.0,NaN,1.0,1.0,0,0,NaN,NaN,1.0,1.0,NaN,0.0,NaN,1.0
../../../asm_examples/stereoacuity/certifierRaff5ForSMTproof.asm,certifierRaff5ForSMTproof,15,24,0,13,61,evoavalla-random4atgt,OK,0.0,15,67,79,466,1.0,0.75,NaN,0.88461536,0.91803277,0,0,1.0,NaN,1.0,0.8333333,NaN,0.14285715,NaN,0.86885244
../../../asm_examples/examples/landingGearSystem/LGS_GM.asm,LGS_GM,4,15,0,3,22,evoavalla-random4atgt,OK,0.0,18,111,88,258,1.0,1.0,NaN,1.0,1.0,0,0,1.0,NaN,1.0,1.0,NaN,NaN,NaN,1.0
../../../asm_examples/examples/hemodialysisDevice/SCP2017/HemodialysisGround.asm,HemodialysisGround,5,2,0,3,11,evoavalla-random4atgt,OK,0.0,3,8,0,11,1.0,1.0,NaN,1.0,1.0,0,0,NaN,NaN,0.6666667,0.6666667,NaN,1.0,NaN,0.8
../../../asm_examples/examples/simple_example/AdvancedClockDeciSecond.asm,AdvancedClockDeciSecond,2,4,0,3,11,evoavalla-random4atgt,OK,0.0,3,36013,0,107404,1.0,1.0,NaN,1.0,1.0,0,0,NaN,NaN,1.0,1.0,NaN,0.0,NaN,1.0
../../../asm_examples/examples/traffic_light/oneWayTrafficLightOnlyPassedFlat.asm,oneWayTrafficLightOnlyPassedFlat,5,12,0,5,26,evoavalla-random4atgt,OK,0.0,10,43,40,129,1.0,1.0,NaN,1.0,1.0,0,0,NaN,NaN,1.0,1.0,NaN,0.2,NaN,1.0
../../../asm_examples/examples/parkingSimple.asm,parkingSimple,1,2,0,2,4,evoavalla-random4atgt,OK,0.0,3,7,10,5,1.0,1.0,NaN,1.0,1.0,0,0,NaN,NaN,1.0,0.6666667,NaN,NaN,NaN,1.0
../../../asm_examples/examples/traffic_light/oneWayTrafficLightOnlyPassed.asm,oneWayTrafficLightOnlyPassed,5,12,0,5,26,evoavalla-random4atgt,OK,0.0,11,47,44,136,1.0,1.0,NaN,1.0,1.0,0,0,NaN,NaN,1.0,1.0,NaN,0.2,NaN,1.0
../../../asm_examples/unibgstudents/Prova.asm,Prova,3,2,0,4,9,evoavalla-random4atgt,OK,0.0,4,10,9,14,1.0,1.0,NaN,0.875,1.0,0,0,NaN,NaN,1.0,0.75,NaN,1.0,NaN,1.0
../../../asm_examples/examples/hemodialysisDevice/ABZ2016/Hemodialysis_GM.asm,Hemodialysis_GM,5,2,0,3,11,evoavalla-random4atgt,OK,0.0,3,8,0,11,1.0,1.0,NaN,1.0,1.0,0,0,NaN,NaN,0.6666667,0.6666667,NaN,1.0,NaN,0.8
../../../asm_examples/examples/landingGearSystem/LGS_EV_v2.asm,LGS_EV_v2,4,38,0,3,60,evoavalla-random4atgt,OK,0.0,19,108,89,653,1.0,1.0,NaN,1.0,1.0,0,0,1.0,NaN,1.0,1.0,NaN,0.0,NaN,1.0
../../../asm_examples/examples/sensorVotingSimpleVersion.asm,sensorVotingSimpleVersion,2,5,0,4,12,evoavalla-random4atgt,OK,0.0,8,26,70,51,1.0,1.0,NaN,1.0,1.0,0,0,NaN,NaN,1.0,1.0,NaN,0.0,NaN,1.0
../../../asm_examples/examples/landingGearSystem/LGS_GM_withError.asm,LGS_GM_withError,4,15,0,3,22,evoavalla-random4atgt,OK,0.0,18,107,89,250,1.0,1.0,NaN,1.0,1.0,0,0,1.0,NaN,1.0,1.0,NaN,NaN,NaN,1.0
../../../asm_examples/examples/traffic_light/oneWayTrafficLightUsingEnum.asm,oneWayTrafficLightUsingEnum,5,12,0,8,29,evoavalla-random4atgt,OK,0.0,12,43,42,121,1.0,1.0,NaN,0.9375,1.0,0,0,NaN,NaN,1.0,0.875,NaN,0.0,NaN,1.0
../../../asm_examples/PillBox/Level0/pillbox_0.asm,pillbox_0,9,18,0,15,53,evoavalla-random4atgt,OK,0.0,14,50,103,206,1.0,1.0,NaN,1.0,1.0,0,0,NaN,NaN,1.0,1.0,NaN,0.125,NaN,0.9230769
../../../asm_examples/stereoacuity/certifierRaff2.asm,certifierRaff2,14,18,0,10,50,evoavalla-random4atgt,OK,0.0,11,45,22,307,1.0,0.9444444,NaN,1.0,1.0,0,0,NaN,NaN,1.0,1.0,NaN,0.0,NaN,0.97959185
../../../asm_examples/stereoacuity/certifierRaff5.asm,certifierRaff5,14,20,0,11,53,evoavalla-random4atgt,OK,0.0,6,24,11,194,1.0,0.8,NaN,1.0,1.0,0,0,NaN,NaN,1.0,1.0,NaN,0.0,NaN,0.9230769
../../../asm_examples/PHD/phd_master_flat2_v7.asm,phd_master_flat2_v7,7,184,0,18,307,evoavalla-random4atgt,OK,0.0,197,697,692,1591,1.0,0.48369566,NaN,0.9166667,0.71335506,0,0,0.4883721,NaN,0.9444444,0.9,NaN,0.01010101,NaN,0.60923076
../../../asm_examples/examples/TrafficLightYakindu/TrafficLight_NOREF/TrafficLight_4.asm,TrafficLight_4,10,25,0,18,80,evoavalla-random4atgt,OK,0.0,13,74,72,350,1.3,0.4,NaN,0.8055556,0.75,0,0,NaN,NaN,1.0,0.7222222,NaN,0.05263158,NaN,0.95
../../../asm_examples/examples/landingGearSystem/LGS_SE_v2.asm,LGS_SE_v2,4,38,0,9,66,evoavalla-random4atgt,OK,0.0,26,152,203,852,1.0,1.0,NaN,0.8888889,1.0,0,0,1.0,NaN,1.0,0.8333333,NaN,0.0,NaN,1.0
../../../asm_examples/stereoacuity/certifierRaff1.asm,certifierRaff1,13,15,0,9,43,evoavalla-random4atgt,OK,0.0,10,34,16,208,1.0,0.8666667,NaN,1.0,1.0,0,0,NaN,NaN,1.0,1.0,NaN,0.0,NaN,0.95348835
../../../asm_examples/examples/TrafficLightYakindu/TrafficLight1/TrafficLight_1.asm,TrafficLight_1,11,17,0,15,56,evoavalla-random4atgt,OK,0.0,14,44,47,164,1.0,0.9411765,NaN,0.8333333,1.0,0,0,NaN,NaN,1.0,0.5,NaN,0.07692308,NaN,0.98214287
../../../asm_examples/stereoacuity/certifierRaff3.asm,certifierRaff3,14,20,0,11,53,evoavalla-random4atgt,OK,0.0,11,56,22,401,1.0,0.85,NaN,1.0,1.0,0,0,NaN,NaN,1.0,1.0,NaN,0.0,NaN,0.9423077
../../../asm_examples/examples/carController.asm,carController,1,5,0,2,7,evoavalla-random4atgt,OK,0.0,4,13,17,16,1.0,0.2,NaN,1.0,0.5714286,0,0,0.25,NaN,1.0,1.0,NaN,NaN,NaN,0.44444445
../../../asm_examples/PHD/phd_master_flat2_v1.asm,phd_master_flat2_v1,4,52,0,3,85,evoavalla-random4atgt,OK,0.0,58,150,160,344,1.0,0.78846157,NaN,1.0,1.0,0,0,1.0,NaN,1.0,1.0,NaN,0.037037037,NaN,0.875
