TARGET_CLASS,criterion,Coverage,Total_Goals,Covered_Goals
LGS_EV_ATG,LINE;BRANCH,0.9923076923076923,147,146
certifier_nochoose_noundef_ATG,LINE;BRANCH,0.9525714285714286,300,287
oneWayTrafficLight_ATG,LINE;BRANCH,0.7143734643734644,118,6
coffeeVendingMachine_ATG,LINE;BRANCH,0.8904761904761904,56,51
sleepingBarber_ATG,LINE;BRANCH,0.9375,67,5
sluiceGateMotorCtl_ATG,LINE;BRANCH,0.9705882352941176,95,93
oneWayTrafficLightUsingEnum_ATG,LINE;BRANCH,0.9142857142857144,89,83
TrafficLight_0_ATG,LINE;BRANCH,0.9594594594594594,97,94
LGS_GM_withError_ATG,LINE;BRANCH,0.9916666666666667,137,136
ATM3_ATG,LINE;BRANCH,0.7134482758620689,245,179
railroadGate_ATG,LINE;BRANCH,0.9736842105263157,53,52
HemodialysisRef3_ATG,LINE;BRANCH,0.6712145299331431,2481,1704
Hemodialysis_ref3_forMC_ATG,LINE;BRANCH,0.6742752085016639,1355,935
Rubrica_ATG,LINE;BRANCH,0.84,80,70
certifierRaff2_ATG,LINE;BRANCH,0.9608024691358024,201,194
Hemodialysis_ref1_par_ATG,LINE;BRANCH,0.6975582710227124,981,701
certifierRaff3_ATG,LINE;BRANCH,0.953706217757263,214,205
SemaforiAttraversamentoPedonale_ATG,LINE;BRANCH,0.8727598566308243,49,44
ferrymanSimulator_ATG,LINE;BRANCH,0.9523809523809523,58,56
oneWayTrafficLightUsingEnumFlat_ATG,LINE;BRANCH,0.9571428571428571,89,86
phd_master_flat2_v6_ATG,LINE;BRANCH,0.9700853819501732,441,428
Hemodialysis_GM_ATG,LINE;BRANCH,0.9,57,53
pillbox_0_ATG,LINE;BRANCH,0.9848484848484849,163,161
FLIP_FLOP_0_ATG,LINE;BRANCH,0.8172043010752688,46,40
euclideMCD_ATG,LINE;BRANCH,0.8846153846153846,35,32
certifier_nochoose_ATG,LINE;BRANCH,0.9555235903337169,268,257
Contatore_U_DA_H_ATG,LINE;BRANCH,0.7223270440251572,83,62
phd_master_flat2_v3_ATG,LINE;BRANCH,0.8424005425731014,697,605
fattoriale_ATG,LINE;BRANCH,0.9210526315789473,51,48
parkingSimple_ATG,LINE;BRANCH,0.8827586206896552,44,40
RegistroDiCassa_ATG,LINE;BRANCH,0.8552224371373307,149,132
euclideMCD_init_ATG,LINE;BRANCH,0.9666666666666667,43,42
SwapSort_ATG,LINE;BRANCH,0.24154589371980675,32,8
LGS_GM_ATG,LINE;BRANCH,0.9916666666666667,137,136
TrafficLight_2_ATG,LINE;BRANCH,0.9829545454545454,217,214
Hemodialysis_ref4_ATG,LINE;BRANCH,0.6758937307050045,2607,1797
certifierGround_ATG,LINE;BRANCH,0.9501133786848073,161,154
LGS_SE_v2_ATG,LINE;BRANCH,0.9939024390243902,191,190
sensorVotingSimpleVersion_ATG,LINE;BRANCH,0.9083720930232557,68,63
AdvancedClockDeciSecond_ATG,LINE;BRANCH,0.7123015873015873,57,42
oneWayTrafficLightOnlyPassed_ATG,LINE;BRANCH,0.9827586206896552,77,76
ferrymanSimulator_raff1_ATG,LINE;BRANCH,0.9078048780487804,66,61
certifierRaff1_ATG,LINE;BRANCH,0.9572072072072072,185,178
sluiceGateGround_ATG,LINE;BRANCH,0.95,59,57
phd_master_flat2_v1_ATG,LINE;BRANCH,0.9791666666666667,161,158
Invariants_ATG,LINE;BRANCH,0.9375,28,6
HemodialysisGround_ATG,LINE;BRANCH,0.9,57,53
Hemodialysis_ref4_forMC_ATG,LINE;BRANCH,0.6539864126059891,2227,1487
AdvancedClock2_ATG,LINE;BRANCH,0.8583333333333334,56,49
Hemodialysis_ref3_par_ATG,LINE;BRANCH,0.6811730142998725,1653,1153
VideotecaASM_ATG,LINE;BRANCH,0.7166992299735662,190,10
stufa_ATG,LINE;BRANCH,0.7665447289657465,159,109
phd_master_flat2_v2_ATG,LINE;BRANCH,0.8475975975975976,677,591
emptyModel_ATG,LINE;BRANCH,0.9285714285714286,27,26
AdvancedClock_ATG,LINE;BRANCH,0.6973434535104364,48,35
Prova_ATG,LINE;BRANCH,0.8947368421052632,53,49
LGS_SE_ATG,LINE;BRANCH,0.9939024390243902,191,190
provaint_ATG,LINE;BRANCH,0.8277310924369747,24,21
oneWayTrafficLight_inline_ATG,LINE;BRANCH,0.7021072796934866,94,6
carController_ATG,LINE;BRANCH,0.9791666666666667,61,60
oneWayTrafficLightOnlyPassedFlat_ATG,LINE;BRANCH,0.9827586206896552,77,76
TrafficLight_3_ATG,LINE;BRANCH,0.9829545454545454,217,214
TrafficLight_4_ATG,LINE;BRANCH,0.9932432432432432,187,186
tombola_ATG,LINE;BRANCH,0.8884812588401698,213,189
certifierRaff4_ATG,LINE;BRANCH,0.9507624918883841,226,216
LGS_EV_v2_ATG,LINE;BRANCH,0.9923076923076923,147,146
phd_master_flat2_v7_ATG,LINE;BRANCH,0.8808257741632781,531,468
testRanges_ATG,LINE;BRANCH,0.8472222222222222,26,23
LGS_3L_ATG,LINE;BRANCH,0.9403737879261809,231,218
oneWayTrafficLight2_ATG,LINE;BRANCH,0.7242424242424242,106,6
phd_master_flat2_v0_ATG,LINE;BRANCH,0.8794642857142857,287,260
HemodialysisRef1_ATG,LINE;BRANCH,0.7276413200326244,1040,775
certifierRaff5ForSMTproof_ATG,LINE;BRANCH,0.9558153358430751,250,240
Hemodialysis_ref2_forMC_ATG,LINE;BRANCH,0.6798339955740418,1163,809
TrafficLight_1_ATG,LINE;BRANCH,0.976923076923077,163,160
oneWayTrafficLight_refined_ATG,LINE;BRANCH,0.7023172905525847,168,6
certifierRaff5_ATG,LINE;BRANCH,0.9543706293706293,218,209
Hemodialysis_ref1_forMC_ATG,LINE;BRANCH,0.7851718403547672,727,579
LGS_HM_ATG,LINE;BRANCH,0.7495215311004785,279,212
Hemodialysis_ref2_par_ATG,LINE;BRANCH,0.7004650390300615,1459,1045
TrafficLight_4_ATG,LINE;BRANCH,0.8179965055329061,169,140
DEPOSITBELT_ATG,LINE;BRANCH,0.7324561403508771,55,42
HemodialysisRef2_ATG,LINE;BRANCH,0.6750071436091016,2239,1546
