asm_path,iteration,status,iteration_exec_time_ms,generation_exec_time_ms,correct_scenarios,n_step,n_set,n_check,failing_scenarios,validation_error_scenarios,tot_mutants,n_killed_mutants_cumulativa,idx_killed_mutants_cumulative
asm_examples/examples/landingGearSystem/LGS_EV.asm,IT1,OK,9036,300,10,100,100,528,0,0,15,0,
asm_examples/examples/landingGearSystem/LGS_EV.asm,IT2,OK,14253,440,20,400,400,2247,0,0,15,0,
asm_examples/examples/landingGearSystem/LGS_EV.asm,IT3,OK,25947,793,30,900,900,5374,0,0,15,0,
asm_examples/examples/landingGearSystem/LGS_EV.asm,IT4,OK,41278,1649,40,1600,1600,9521,0,0,15,0,
asm_examples/examples/landingGearSystem/LGS_EV.asm,IT5,OK,63232,3198,50,2500,2500,15925,0,0,15,0,
asm_examples/examples/landingGearSystem/LGS_EV.asm,IT6,OK,89261,5349,60,3600,3600,22992,0,0,15,0,
asm_examples/examples/landingGearSystem/LGS_EV.asm,IT7,OK,121331,8439,70,4900,4900,31523,0,0,15,0,
asm_examples/examples/landingGearSystem/LGS_EV.asm,IT8,OK,163080,12520,80,6400,6400,42004,0,0,15,0,
asm_examples/examples/landingGearSystem/LGS_EV.asm,IT9,OK,209801,17782,90,8100,8100,53681,0,0,15,0,
asm_examples/examples/landingGearSystem/LGS_EV.asm,ALL,OK,737219,50470,450,28500,28500,183795,0,0,15,0,
asm_examples/stereoacuity/certifier_nochoose_noundef.asm,IT1,OK,5959,92,10,100,48,728,0,0,9,2,4;8
asm_examples/stereoacuity/certifier_nochoose_noundef.asm,IT2,OK,7048,31,20,400,82,2788,0,0,9,2,4;8
asm_examples/stereoacuity/certifier_nochoose_noundef.asm,IT3,OK,12250,34,30,900,96,5704,0,0,9,2,4;8
asm_examples/stereoacuity/certifier_nochoose_noundef.asm,IT4,OK,18521,50,40,1600,170,10231,0,0,9,2,4;8
asm_examples/stereoacuity/certifier_nochoose_noundef.asm,IT5,OK,28226,68,50,2500,220,16741,0,0,9,2,4;8
asm_examples/stereoacuity/certifier_nochoose_noundef.asm,IT6,OK,39318,123,60,3600,290,23612,0,0,9,2,4;8
asm_examples/stereoacuity/certifier_nochoose_noundef.asm,IT7,OK,52836,122,70,4900,292,32475,0,0,9,2,4;8
asm_examples/stereoacuity/certifier_nochoose_noundef.asm,IT8,OK,68934,153,80,6400,372,42773,0,0,9,2,4;8
asm_examples/stereoacuity/certifier_nochoose_noundef.asm,IT9,OK,86299,193,90,8100,372,53003,0,0,9,2,4;8
asm_examples/stereoacuity/certifier_nochoose_noundef.asm,IT10,OK,108483,225,100,10000,398,66125,0,0,9,2,4;8
asm_examples/stereoacuity/certifier_nochoose_noundef.asm,IT11,OK,134215,273,110,12100,440,79879,0,0,9,2,4;8
asm_examples/stereoacuity/certifier_nochoose_noundef.asm,IT12,OK,162597,336,120,14400,540,95876,0,0,9,2,4;8
asm_examples/stereoacuity/certifier_nochoose_noundef.asm,ALL,OK,724686,1700,780,65000,3320,429935,0,0,9,2,4;8
asm_examples/PHD/phd_master_flat2_v6.asm,IT1,OK,24709,117,10,100,103,210,0,0,82,1,81
asm_examples/PHD/phd_master_flat2_v6.asm,IT2,OK,47435,43,20,400,407,820,0,0,82,1,81
asm_examples/PHD/phd_master_flat2_v6.asm,IT3,OK,82728,72,30,900,918,1830,0,0,82,1,81
asm_examples/PHD/phd_master_flat2_v6.asm,IT4,OK,126156,121,40,1600,1635,3240,0,0,82,1,81
asm_examples/PHD/phd_master_flat2_v6.asm,IT5,OK,178232,173,50,2500,2542,5050,0,0,82,1,81
asm_examples/PHD/phd_master_flat2_v6.asm,IT6,OK,244631,232,60,3600,3675,7260,0,0,82,1,81
asm_examples/PHD/phd_master_flat2_v6.asm,ALL,OK,703891,758,210,9100,9280,18410,0,0,82,1,81
asm_examples/examples/cards.asm,IT1,OK,2238,172,10,100,100,361,0,0,1,1,0
asm_examples/examples/cards.asm,ALL,OK,2238,172,10,100,100,361,0,0,1,1,0
asm_examples/examples/landingGearSystem/LGS_SE_v2.asm,IT1,OK,9322,419,10,100,138,479,0,0,15,0,
asm_examples/examples/landingGearSystem/LGS_SE_v2.asm,IT2,OK,13793,548,20,400,571,2098,0,0,15,0,
asm_examples/examples/landingGearSystem/LGS_SE_v2.asm,IT3,OK,25681,1551,30,900,1282,4967,0,0,15,0,
asm_examples/examples/landingGearSystem/LGS_SE_v2.asm,IT4,OK,42658,3750,40,1600,2262,9213,0,0,15,0,
asm_examples/examples/landingGearSystem/LGS_SE_v2.asm,IT5,OK,64167,6951,50,2500,3535,14412,0,0,15,0,
asm_examples/examples/landingGearSystem/LGS_SE_v2.asm,IT6,OK,92294,12020,60,3600,5081,21113,0,0,15,0,
asm_examples/examples/landingGearSystem/LGS_SE_v2.asm,IT7,OK,128097,18492,70,4900,6890,29665,0,0,15,0,
asm_examples/examples/landingGearSystem/LGS_SE_v2.asm,IT8,OK,173690,27636,80,6400,9107,39867,0,0,15,0,
asm_examples/examples/landingGearSystem/LGS_SE_v2.asm,IT9,OK,226870,39589,90,8100,11499,51205,0,0,15,0,
asm_examples/examples/landingGearSystem/LGS_SE_v2.asm,ALL,OK,776572,110956,450,28500,40365,173019,0,0,15,0,
asm_examples/examples/simple_example/MorraCinese/MorraCinese_raff1.asm,IT1,OK,3454,111,10,100,100,374,0,0,3,0,
asm_examples/examples/simple_example/MorraCinese/MorraCinese_raff1.asm,IT2,OK,3342,89,20,400,400,1549,0,0,3,0,
asm_examples/examples/simple_example/MorraCinese/MorraCinese_raff1.asm,IT3,OK,5416,94,30,900,900,3556,0,0,3,0,
asm_examples/examples/simple_example/MorraCinese/MorraCinese_raff1.asm,IT4,OK,7435,106,40,1600,1600,6311,0,0,3,0,
asm_examples/examples/simple_example/MorraCinese/MorraCinese_raff1.asm,IT5,OK,10921,156,50,2500,2500,9885,0,0,3,0,
asm_examples/examples/simple_example/MorraCinese/MorraCinese_raff1.asm,IT6,OK,14808,215,60,3600,3600,14253,0,0,3,0,
asm_examples/examples/simple_example/MorraCinese/MorraCinese_raff1.asm,IT7,OK,19871,266,70,4900,4900,19451,0,0,3,0,
asm_examples/examples/simple_example/MorraCinese/MorraCinese_raff1.asm,IT8,OK,25612,355,80,6400,6400,25416,0,0,3,0,
asm_examples/examples/simple_example/MorraCinese/MorraCinese_raff1.asm,IT9,OK,32886,442,90,8100,8100,32198,0,0,3,0,
asm_examples/examples/simple_example/MorraCinese/MorraCinese_raff1.asm,IT10,OK,40717,542,100,10000,10000,39820,0,0,3,0,
asm_examples/examples/simple_example/MorraCinese/MorraCinese_raff1.asm,IT11,OK,49895,660,110,12100,12100,48183,0,0,3,0,
asm_examples/examples/simple_example/MorraCinese/MorraCinese_raff1.asm,IT12,OK,59955,780,120,14400,14400,57351,0,0,3,0,
asm_examples/examples/simple_example/MorraCinese/MorraCinese_raff1.asm,IT13,OK,72072,894,130,16900,16900,67353,0,0,3,0,
asm_examples/examples/simple_example/MorraCinese/MorraCinese_raff1.asm,IT14,OK,84870,1034,140,19600,19600,78078,0,0,3,0,
asm_examples/examples/simple_example/MorraCinese/MorraCinese_raff1.asm,IT15,OK,99372,1199,150,22500,22500,89684,0,0,3,0,
asm_examples/examples/simple_example/MorraCinese/MorraCinese_raff1.asm,IT16,OK,115514,1353,160,25600,25600,102110,0,0,3,0,
asm_examples/examples/simple_example/MorraCinese/MorraCinese_raff1.asm,ALL,OK,646140,8296,1360,149600,149600,595572,0,0,3,0,
asm_examples/examples/simple_example/MorraCinese/withActors/MorraCinese_withActors_raff1.asm,IT1,OK,3545,158,10,100,100,290,0,0,3,0,
asm_examples/examples/simple_example/MorraCinese/withActors/MorraCinese_withActors_raff1.asm,IT2,OK,3130,105,20,400,400,1095,0,0,3,0,
asm_examples/examples/simple_example/MorraCinese/withActors/MorraCinese_withActors_raff1.asm,IT3,OK,5058,137,30,900,900,2447,0,0,3,0,
asm_examples/examples/simple_example/MorraCinese/withActors/MorraCinese_withActors_raff1.asm,IT4,OK,6768,172,40,1600,1600,4376,0,0,3,0,
asm_examples/examples/simple_example/MorraCinese/withActors/MorraCinese_withActors_raff1.asm,IT5,OK,9552,222,50,2500,2500,6718,0,0,3,0,
asm_examples/examples/simple_example/MorraCinese/withActors/MorraCinese_withActors_raff1.asm,IT6,OK,12944,297,60,3600,3600,9692,0,0,3,0,
asm_examples/examples/simple_example/MorraCinese/withActors/MorraCinese_withActors_raff1.asm,IT7,OK,17267,407,70,4900,4900,13284,0,0,3,0,
asm_examples/examples/simple_example/MorraCinese/withActors/MorraCinese_withActors_raff1.asm,IT8,OK,22228,523,80,6400,6400,17198,0,0,3,0,
asm_examples/examples/simple_example/MorraCinese/withActors/MorraCinese_withActors_raff1.asm,IT9,OK,28160,656,90,8100,8100,21780,0,0,3,0,
asm_examples/examples/simple_example/MorraCinese/withActors/MorraCinese_withActors_raff1.asm,IT10,OK,35203,811,100,10000,10000,26791,0,0,3,0,
asm_examples/examples/simple_example/MorraCinese/withActors/MorraCinese_withActors_raff1.asm,IT11,OK,43065,985,110,12100,12100,32508,0,0,3,0,
asm_examples/examples/simple_example/MorraCinese/withActors/MorraCinese_withActors_raff1.asm,IT12,OK,51678,1169,120,14400,14400,38657,0,0,3,0,
asm_examples/examples/simple_example/MorraCinese/withActors/MorraCinese_withActors_raff1.asm,IT13,OK,61406,1365,130,16900,16900,45301,0,0,3,0,
asm_examples/examples/simple_example/MorraCinese/withActors/MorraCinese_withActors_raff1.asm,IT14,OK,72183,1569,140,19600,19600,52536,0,0,3,0,
asm_examples/examples/simple_example/MorraCinese/withActors/MorraCinese_withActors_raff1.asm,IT15,OK,84505,1807,150,22500,22500,60305,0,0,3,0,
asm_examples/examples/simple_example/MorraCinese/withActors/MorraCinese_withActors_raff1.asm,IT16,OK,98527,2058,160,25600,25600,68681,0,0,3,0,
asm_examples/examples/simple_example/MorraCinese/withActors/MorraCinese_withActors_raff1.asm,IT17,OK,113003,2329,170,28900,28900,77491,0,0,3,0,
asm_examples/examples/simple_example/MorraCinese/withActors/MorraCinese_withActors_raff1.asm,ALL,OK,668222,14770,1530,178500,178500,479150,0,0,3,0,
asm_examples/PHD/phd_master_flat2_v1.asm,IT1,OK,9860,94,10,100,100,202,0,0,27,1,26
asm_examples/PHD/phd_master_flat2_v1.asm,IT2,OK,14021,35,20,400,400,811,0,0,27,1,26
asm_examples/PHD/phd_master_flat2_v1.asm,IT3,OK,24471,52,30,900,900,1804,0,0,27,1,26
asm_examples/PHD/phd_master_flat2_v1.asm,IT4,OK,36972,91,40,1600,1600,3219,0,0,27,1,26
asm_examples/PHD/phd_master_flat2_v1.asm,IT5,OK,52921,152,50,2500,2500,5021,0,0,27,1,26
asm_examples/PHD/phd_master_flat2_v1.asm,IT6,OK,74047,156,60,3600,3600,7228,0,0,27,1,26
asm_examples/PHD/phd_master_flat2_v1.asm,IT7,OK,97961,209,70,4900,4900,9848,0,0,27,1,26
asm_examples/PHD/phd_master_flat2_v1.asm,IT8,OK,125298,268,80,6400,6400,12832,0,0,27,1,26
asm_examples/PHD/phd_master_flat2_v1.asm,IT9,OK,157259,342,90,8100,8100,16239,0,0,27,1,26
asm_examples/PHD/phd_master_flat2_v1.asm,IT10,OK,194600,417,100,10000,10000,20059,0,0,27,1,26
asm_examples/PHD/phd_master_flat2_v1.asm,ALL,OK,787410,1816,550,38500,38500,77263,0,0,27,1,26
asm_examples/examples/landingGearSystem/LGS_SE.asm,IT1,OK,8475,302,10,100,132,480,0,0,15,0,
asm_examples/examples/landingGearSystem/LGS_SE.asm,IT2,OK,13217,372,20,400,568,2117,0,0,15,0,
asm_examples/examples/landingGearSystem/LGS_SE.asm,IT3,OK,23427,686,30,900,1269,4961,0,0,15,0,
asm_examples/examples/landingGearSystem/LGS_SE.asm,IT4,OK,37916,1646,40,1600,2247,8938,0,0,15,0,
asm_examples/examples/landingGearSystem/LGS_SE.asm,IT5,OK,57627,3014,50,2500,3525,14543,0,0,15,0,
asm_examples/examples/landingGearSystem/LGS_SE.asm,IT6,OK,81579,5035,60,3600,5043,21092,0,0,15,0,
asm_examples/examples/landingGearSystem/LGS_SE.asm,IT7,OK,111988,7928,70,4900,6873,29420,0,0,15,0,
asm_examples/examples/landingGearSystem/LGS_SE.asm,IT8,OK,152047,11771,80,6400,9076,39810,0,0,15,0,
asm_examples/examples/landingGearSystem/LGS_SE.asm,IT9,OK,195816,16727,90,8100,11396,50869,0,0,15,0,
asm_examples/examples/landingGearSystem/LGS_SE.asm,ALL,OK,682092,47481,450,28500,40129,172230,0,0,15,0,
asm_examples/examples/landingGearSystem/LGS_EV_v2.asm,IT1,OK,9474,449,10,100,100,478,0,0,15,0,
asm_examples/examples/landingGearSystem/LGS_EV_v2.asm,IT2,OK,14579,533,20,400,400,2244,0,0,15,0,
asm_examples/examples/landingGearSystem/LGS_EV_v2.asm,IT3,OK,27518,1627,30,900,900,5531,0,0,15,0,
asm_examples/examples/landingGearSystem/LGS_EV_v2.asm,IT4,OK,43638,3512,40,1600,1600,9461,0,0,15,0,
asm_examples/examples/landingGearSystem/LGS_EV_v2.asm,IT5,OK,67460,6741,50,2500,2500,15614,0,0,15,0,
asm_examples/examples/landingGearSystem/LGS_EV_v2.asm,IT6,OK,97516,11514,60,3600,3600,23188,0,0,15,0,
asm_examples/examples/landingGearSystem/LGS_EV_v2.asm,IT7,OK,134497,18209,70,4900,4900,32002,0,0,15,0,
asm_examples/examples/landingGearSystem/LGS_EV_v2.asm,IT8,OK,180112,27181,80,6400,6400,41880,0,0,15,0,
asm_examples/examples/landingGearSystem/LGS_EV_v2.asm,IT9,OK,232661,38135,90,8100,8100,53645,0,0,15,0,
asm_examples/examples/landingGearSystem/LGS_EV_v2.asm,ALL,OK,807455,107901,450,28500,28500,184043,0,0,15,0,
asm_examples/PHD/phd_master_flat2_v7.asm,IT1,OK,30288,109,10,100,100,210,0,0,99,1,98
asm_examples/PHD/phd_master_flat2_v7.asm,IT2,OK,59427,51,20,400,403,820,0,0,99,1,98
asm_examples/PHD/phd_master_flat2_v7.asm,IT3,OK,102752,75,30,900,905,1830,0,0,99,1,98
asm_examples/PHD/phd_master_flat2_v7.asm,IT4,OK,155413,124,40,1600,1605,3240,0,0,99,1,98
asm_examples/PHD/phd_master_flat2_v7.asm,IT5,OK,219288,242,50,2500,2508,5050,0,0,99,1,98
asm_examples/PHD/phd_master_flat2_v7.asm,IT6,OK,301453,228,60,3600,3616,7260,0,0,99,1,98
asm_examples/PHD/phd_master_flat2_v7.asm,ALL,OK,868621,829,210,9100,9137,18410,0,0,99,1,98
asm_examples/examples/landingGearSystem/LGS_3L.asm,IT1,OK,9153,297,10,100,160,485,0,0,15,0,
asm_examples/examples/landingGearSystem/LGS_3L.asm,IT2,OK,13517,303,20,400,630,1943,0,0,15,0,
asm_examples/examples/landingGearSystem/LGS_3L.asm,IT3,OK,23972,807,30,900,1352,4491,0,0,15,0,
asm_examples/examples/landingGearSystem/LGS_3L.asm,IT4,OK,37386,1828,40,1600,2399,8059,0,0,15,0,
asm_examples/examples/landingGearSystem/LGS_3L.asm,IT5,OK,56581,3422,50,2500,3749,12799,0,0,15,0,
asm_examples/examples/landingGearSystem/LGS_3L.asm,IT6,OK,78462,5841,60,3600,5250,18175,0,0,15,0,
asm_examples/examples/landingGearSystem/LGS_3L.asm,IT7,OK,107340,9179,70,4900,7070,25186,0,0,15,0,
asm_examples/examples/landingGearSystem/LGS_3L.asm,IT8,OK,141743,13752,80,6400,9445,33034,0,0,15,0,
asm_examples/examples/landingGearSystem/LGS_3L.asm,IT9,OK,181562,19317,90,8100,11756,41256,0,0,15,0,
asm_examples/examples/landingGearSystem/LGS_3L.asm,ALL,OK,649716,54746,450,28500,41811,145428,0,0,15,0,
asm_examples/examples/simple_example/MorraCinese/MorraCineseWithAgents.asm,IT1,OK,1732,138,10,100,0,120,0,0,1,1,0
asm_examples/examples/simple_example/MorraCinese/MorraCineseWithAgents.asm,ALL,OK,1732,138,10,100,0,120,0,0,1,1,0
asm_examples/stereoacuity/certifierRaff5ForSMTproof.asm,IT1,OK,5471,108,10,100,68,676,0,0,7,1,6
asm_examples/stereoacuity/certifierRaff5ForSMTproof.asm,IT2,OK,6781,33,20,400,150,2616,0,0,7,1,6
asm_examples/stereoacuity/certifierRaff5ForSMTproof.asm,IT3,OK,11287,46,30,900,262,6383,0,0,7,1,6
asm_examples/stereoacuity/certifierRaff5ForSMTproof.asm,IT4,OK,18394,42,40,1600,258,10677,0,0,7,1,6
asm_examples/stereoacuity/certifierRaff5ForSMTproof.asm,IT5,OK,26261,51,50,2500,330,16494,0,0,7,1,6
asm_examples/stereoacuity/certifierRaff5ForSMTproof.asm,IT6,OK,36251,65,60,3600,400,24287,0,0,7,1,6
asm_examples/stereoacuity/certifierRaff5ForSMTproof.asm,IT7,OK,49983,94,70,4900,590,34783,0,0,7,1,6
asm_examples/stereoacuity/certifierRaff5ForSMTproof.asm,IT8,OK,65289,112,80,6400,606,45469,0,0,7,1,6
asm_examples/stereoacuity/certifierRaff5ForSMTproof.asm,IT9,OK,81741,134,90,8100,668,55410,0,0,7,1,6
asm_examples/stereoacuity/certifierRaff5ForSMTproof.asm,IT10,OK,104889,167,100,10000,788,70348,0,0,7,1,6
asm_examples/stereoacuity/certifierRaff5ForSMTproof.asm,IT11,OK,133409,191,110,12100,810,82291,0,0,7,1,6
asm_examples/stereoacuity/certifierRaff5ForSMTproof.asm,IT12,OK,159447,230,120,14400,910,100867,0,0,7,1,6
asm_examples/stereoacuity/certifierRaff5ForSMTproof.asm,ALL,OK,699203,1273,780,65000,5840,450301,0,0,7,1,6
asm_examples/examples/landingGearSystem/LGS_HM.asm,IT1,OK,11778,373,10,100,358,859,0,0,17,1,16
asm_examples/examples/landingGearSystem/LGS_HM.asm,IT2,OK,20058,307,20,400,689,3313,0,0,17,1,16
asm_examples/examples/landingGearSystem/LGS_HM.asm,IT3,OK,34015,758,30,900,1156,7378,0,0,17,1,16
asm_examples/examples/landingGearSystem/LGS_HM.asm,IT4,OK,53212,1673,40,1600,1275,13043,0,0,17,1,16
asm_examples/examples/landingGearSystem/LGS_HM.asm,IT5,OK,78824,3126,50,2500,1555,20306,0,0,17,1,16
asm_examples/examples/landingGearSystem/LGS_HM.asm,IT6,OK,111182,5321,60,3600,1968,29161,0,0,17,1,16
asm_examples/examples/landingGearSystem/LGS_HM.asm,IT7,OK,149447,8385,70,4900,2136,39637,0,0,17,1,16
asm_examples/examples/landingGearSystem/LGS_HM.asm,IT8,OK,195325,12438,80,6400,2539,51688,0,0,17,1,16
asm_examples/examples/landingGearSystem/LGS_HM.asm,ALL,OK,653841,32381,360,20400,11676,165385,0,0,17,1,16
asm_examples/examples/simple_example/MorraCinese/MorraCinese.asm,IT1,OK,2339,100,10,100,100,200,0,0,1,0,
asm_examples/examples/simple_example/MorraCinese/MorraCinese.asm,IT2,OK,1861,94,20,400,400,800,0,0,1,0,
asm_examples/examples/simple_example/MorraCinese/MorraCinese.asm,IT3,OK,2747,86,30,900,900,1800,0,0,1,0,
asm_examples/examples/simple_example/MorraCinese/MorraCinese.asm,IT4,OK,3321,130,40,1600,1600,3200,0,0,1,0,
asm_examples/examples/simple_example/MorraCinese/MorraCinese.asm,IT5,OK,4424,123,50,2500,2500,5000,0,0,1,0,
asm_examples/examples/simple_example/MorraCinese/MorraCinese.asm,IT6,OK,5855,201,60,3600,3600,7200,0,0,1,0,
asm_examples/examples/simple_example/MorraCinese/MorraCinese.asm,IT7,OK,7737,198,70,4900,4900,9800,0,0,1,0,
asm_examples/examples/simple_example/MorraCinese/MorraCinese.asm,IT8,OK,9750,255,80,6400,6400,12800,0,0,1,0,
asm_examples/examples/simple_example/MorraCinese/MorraCinese.asm,IT9,OK,12608,324,90,8100,8100,16200,0,0,1,0,
asm_examples/examples/simple_example/MorraCinese/MorraCinese.asm,IT10,OK,15391,398,100,10000,10000,20000,0,0,1,0,
asm_examples/examples/simple_example/MorraCinese/MorraCinese.asm,IT11,OK,18716,484,110,12100,12100,24200,0,0,1,0,
asm_examples/examples/simple_example/MorraCinese/MorraCinese.asm,IT12,OK,22360,574,120,14400,14400,28800,0,0,1,0,
asm_examples/examples/simple_example/MorraCinese/MorraCinese.asm,IT13,OK,26572,661,130,16900,16900,33800,0,0,1,0,
asm_examples/examples/simple_example/MorraCinese/MorraCinese.asm,IT14,OK,31339,764,140,19600,19600,39200,0,0,1,0,
asm_examples/examples/simple_example/MorraCinese/MorraCinese.asm,IT15,OK,36592,877,150,22500,22500,45000,0,0,1,0,
asm_examples/examples/simple_example/MorraCinese/MorraCinese.asm,IT16,OK,42340,997,160,25600,25600,51200,0,0,1,0,
asm_examples/examples/simple_example/MorraCinese/MorraCinese.asm,IT17,OK,48565,1126,170,28900,28900,57800,0,0,1,0,
asm_examples/examples/simple_example/MorraCinese/MorraCinese.asm,IT18,OK,57116,1258,180,32400,32400,64800,0,0,1,0,
asm_examples/examples/simple_example/MorraCinese/MorraCinese.asm,IT19,OK,64872,1500,190,36100,36100,72200,0,0,1,0,
asm_examples/examples/simple_example/MorraCinese/MorraCinese.asm,IT20,OK,73240,1575,200,40000,40000,80000,0,0,1,0,
asm_examples/examples/simple_example/MorraCinese/MorraCinese.asm,ALL,OK,487745,11725,2100,287000,287000,574000,0,0,1,0,
