asm_path,asm_name,n_macro,n_update,n_forall,n_branch,n_rule,approach,status,exec_time_ms,n_scenarios,n_step,n_set,n_check,macro_coverage,update_rule_coverage,forall_rule_coverage,branch_coverage,rule_coverage,n_failing_scenarios,n_val_error_scenarios
../../../asm_examples/stereoacuity/certifierRaff2.asm,certifierRaff2,14,18,0,10,50,evoavalla,OK,67510.0,5,16,6,128,1.0,0.7777778,NaN,1.0,1.0,0,0
../../../asm_examples/examples/RushHour/RushHourForAsmetaSMV.asm,RushHourForAsmetaSMV,2,2,1,5,9,evoavalla,NO_VALID_SCENARIOS,NaN,0,0,0,0,null,null,null,null,null,0,0
../../../asm_examples/examples/GilbreathCardTrick/GilbreathCardTrick.asm,GilbreathCardTrick,5,17,2,12,45,evoavalla,NO_VALID_SCENARIOS,NaN,0,0,0,0,null,null,null,null,null,0,0
../../../asm_examples/examples/hemodialysisDevice/ABZ2016/Hemodialysis_ref3_par.asm,Hemodialysis_ref3_par,107,110,0,142,444,evoavalla,OK,96762.0,2,2,2,244,0.037383176,0.009090909,NaN,0.04225352,0.038288288,0,0
../../../asm_examples/examples/simple_example/FLIP_FLOP_0.asm,FLIP_FLOP_0,2,2,0,1,6,evoavalla,OK,65403.0,1,1,0,0,1.0,1.0,NaN,1.0,1.0,0,0
../../../asm_examples/examples/RushHour/RushHourMonForAsmetaSMV.asm,RushHourMonForAsmetaSMV,2,2,1,5,10,evoavalla,NO_VALID_SCENARIOS,NaN,0,0,0,0,null,null,null,null,null,0,0
../../../asm_examples/examples/battleship.asm,battleship,1,4,0,4,10,evoavalla,NO_VALID_SCENARIOS,NaN,0,0,0,0,null,null,null,null,null,0,0
../../../asm_examples/examples/flashProtocol/flashProtocol_N2_L1_Q1.asm,flashProtocol_N2_L1_Q1,27,91,22,91,275,evoavalla,NO_VALID_SCENARIOS,NaN,0,0,0,0,null,null,null,null,null,0,0
../../../asm_examples/examples/production_cell/ert.asm,ert,5,4,1,5,14,evoavalla,NO_VALID_SCENARIOS,NaN,0,0,0,0,null,null,null,null,null,0,0
../../../asm_examples/examples/ermts_etcs/scenarios/ertms_hl3_scenario7.asm,ertms_hl3_scenario7,24,98,31,100,274,evoavalla,NO_VALID_SCENARIOS,NaN,0,0,0,0,null,null,null,null,null,0,0
../../../asm_examples/examples/simpleMinesweeper.asm,simpleMinesweeper,2,3,0,3,7,evoavalla,NO_VALID_SCENARIOS,NaN,0,0,0,0,null,null,null,null,null,0,0
../../../asm_examples/examples/ticTacToe/ticTacToe_simulator.asm,ticTacToe_simulator,3,4,0,4,12,evoavalla,NO_VALID_SCENARIOS,NaN,0,0,0,0,null,null,null,null,null,0,0
../../../asm_examples/examples/fsmsemantics/Sle/ASM_even.asm,ASM_even,3,2,1,2,7,evoavalla,NO_VALID_SCENARIOS,NaN,0,0,0,0,null,null,null,null,null,0,0
../../../asm_examples/examples/GilbreathCardTrick/GilbreathCardTrickForAsmetaSMV.asm,GilbreathCardTrickForAsmetaSMV,5,15,2,12,41,evoavalla,NO_VALID_SCENARIOS,NaN,0,0,0,0,null,null,null,null,null,0,0
../../../asm_examples/examples/petriNets/forAsmetaSMV/petriNet_forNuSMV.asm,petriNet_forNuSMV,2,1,1,2,4,evoavalla,NO_VALID_SCENARIOS,NaN,0,0,0,0,null,null,null,null,null,0,0
../../../asm_examples/examples/hemodialysisDevice/SCP2017/HemodialysisRef1.asm,HemodialysisRef1,68,42,1,90,242,evoavalla,NO_VALID_SCENARIOS,78365.0,0,0,0,0,null,null,null,null,null,0,3
../../../asm_examples/examples/hemodialysisDevice/ABZ2016/Hemodialysis_ref4.asm,Hemodialysis_ref4,162,188,1,245,740,evoavalla,NO_VALID_SCENARIOS,131685.0,0,0,0,0,null,null,null,null,null,0,2
../../../asm_examples/examples/sleepingBarber/sleepingBarber.asm,sleepingBarber,3,4,0,6,13,evoavalla,NO_VALID_SCENARIOS,72190.0,0,0,0,0,null,null,null,null,null,0,0
../../../asm_examples/examples/fsmsemantics/FSM_hooking2.asm,FSM_hooking2,3,2,0,1,7,evoavalla,NO_VALID_SCENARIOS,NaN,0,0,0,0,null,null,null,null,null,0,0
../../../asm_examples/examples/sluicegate/Timer/sluiceGateMotorCtl.asm,sluiceGateMotorCtl,4,9,0,8,30,evoavalla,NO_VALID_SCENARIOS,NaN,0,0,0,0,null,null,null,null,null,0,0
../../../asm_examples/examples/simple_example/ExtendRule1.asm,ExtendRule1,1,0,0,0,2,evoavalla,NO_VALID_SCENARIOS,NaN,0,0,0,0,null,null,null,null,null,0,0
../../../asm_examples/examples/dice/diceWithProbability.asm,diceWithProbability,2,4,0,3,10,evoavalla,NO_VALID_SCENARIOS,NaN,0,0,0,0,null,null,null,null,null,0,0
../../../asm_examples/examples/sluicegate/Timer/sluiceGateMotorCtl2.asm,sluiceGateMotorCtl2,4,9,0,8,30,evoavalla,NO_VALID_SCENARIOS,NaN,0,0,0,0,null,null,null,null,null,0,0
../../../asm_examples/examples/conwayGameOfLife/gameOfLifeAgents.asm,gameOfLifeAgents,2,2,1,4,6,evoavalla,NO_VALID_SCENARIOS,NaN,0,0,0,0,null,null,null,null,null,0,0
../../../asm_examples/examples/filosofiEciliegie/filosofiEciliegieAgentsJustLeft.asm,filosofiEciliegieAgentsJustLeft,2,3,0,3,7,evoavalla,NO_VALID_SCENARIOS,NaN,0,0,0,0,null,null,null,null,null,0,0
../../../asm_examples/examples/production_cell/TRANSPORTBELT.asm,TRANSPORTBELT,5,6,1,5,17,evoavalla,NO_VALID_SCENARIOS,NaN,0,0,0,0,null,null,null,null,null,0,0
../../../asm_examples/examples/models/ordersystem.asm,ordersystem,7,6,5,13,35,evoavalla,NO_VALID_SCENARIOS,NaN,0,0,0,0,null,null,null,null,null,0,0
../../../asm_examples/DAS/TrafficMonitoringSystem/validation/mainForModelChecking.asm,mainForModelChecking,31,44,10,62,206,evoavalla,NO_VALID_SCENARIOS,NaN,0,0,0,0,null,null,null,null,null,0,0
../../../asm_examples/stereoacuity/certifierRaff4ForSMTproof.asm,certifierRaff4ForSMTproof,15,21,0,14,59,evoavalla,NO_VALID_SCENARIOS,NaN,0,0,0,0,null,null,null,null,null,0,0
../../../asm_examples/examples/ermts_etcs/models/ertms_hl3_integer_disco_lostint_lengthchanged_reco.asm,ertms_hl3_integer_disco_lostint_lengthchanged_reco,21,72,20,58,185,evoavalla,NO_VALID_SCENARIOS,NaN,0,0,0,0,null,null,null,null,null,0,0
../../../asm_examples/examples/ermts_etcs/models/ertms_hl3_integer_disco_lostint_lengthchanged_reco_sweep_timer.asm,ertms_hl3_integer_disco_lostint_lengthchanged_reco_sweep_timer,29,118,28,101,301,evoavalla,NO_VALID_SCENARIOS,NaN,0,0,0,0,null,null,null,null,null,0,0
../../../asm_examples/examples/simple_example/MorraCinese/MorraCinese_raff3.asm,MorraCinese_raff3,1,9,0,3,16,evoavalla,NO_VALID_SCENARIOS,NaN,0,0,0,0,null,null,null,null,null,0,0
../../../asm_examples/stereoacuity/certifierRaff4_noundef.asm,certifierRaff4_noundef,15,21,0,14,59,evoavalla,NO_VALID_SCENARIOS,NaN,0,0,0,0,null,null,null,null,null,0,0
../../../asm_examples/examples/filosofiEciliegie/filosofiEciliegieAgents.asm,filosofiEciliegieAgents,2,5,0,4,11,evoavalla,NO_VALID_SCENARIOS,NaN,0,0,0,0,null,null,null,null,null,0,0
../../../asm_examples/examples/traffic_light/Timer/oneWayTrafficLight_refinedSec.asm,oneWayTrafficLight_refinedSec,8,9,1,11,44,evoavalla,NO_VALID_SCENARIOS,NaN,0,0,0,0,null,null,null,null,null,0,0
../../../asm_examples/examples/models/LIFTDC.asm,LIFTDC,8,4,1,4,22,evoavalla,NO_VALID_SCENARIOS,NaN,0,0,0,0,null,null,null,null,null,0,0
../../../asm_examples/examples/NeedhamSchroeder/NeedhamSchroederLowe.asm,NeedhamSchroederLowe,8,16,1,8,55,evoavalla,NO_VALID_SCENARIOS,NaN,0,0,0,0,null,null,null,null,null,0,0
../../../asm_examples/examples/hemodialysisDevice/ABZ2016/Hemodialysis_ref1_par.asm,Hemodialysis_ref1_par,62,50,0,80,240,evoavalla,OK,80886.0,1,1,1,84,0.12903225,0.08,NaN,0.15,0.14583333,1,0
../../../asm_examples/examples/models/ordersystem_april2010.asm,ordersystem_april2010,7,6,5,14,36,evoavalla,NO_VALID_SCENARIOS,NaN,0,0,0,0,null,null,null,null,null,0,0
../../../asm_examples/examples/tombola.asm,tombola,1,3,0,4,8,evoavalla,NO_VALID_SCENARIOS,73093.0,0,0,0,0,null,null,null,null,null,0,0
../../../asm_examples/examples/traffic_light/forAsmetaSMV/oneWayTrafficLight_refined.asm,oneWayTrafficLight_refined,9,13,1,15,50,evoavalla,NO_VALID_SCENARIOS,NaN,0,0,0,0,null,null,null,null,null,0,0
../../../asm_examples/examples_for_nuXmv/provaint.asm,provaint,1,1,0,0,1,evoavalla,OK,65384.0,1,1,0,0,1.0,1.0,NaN,NaN,1.0,0,0
../../../asm_examples/examples/traffic_light/oneWayTrafficLightUsingEnum.asm,oneWayTrafficLightUsingEnum,5,12,0,8,29,evoavalla,OK,67347.0,2,5,4,35,1.0,1.0,NaN,0.8125,1.0,0,0
../../../asm_examples/erinda/FMS_IO_2.asm,FMS_IO_2,5,45,0,4,58,evoavalla,NO_VALID_SCENARIOS,NaN,0,0,0,0,null,null,null,null,null,0,0
../../../asm_examples/PillBox/Level1/pillbox_1.asm,pillbox_1,9,30,0,19,69,evoavalla,NO_VALID_SCENARIOS,NaN,0,0,0,0,null,null,null,null,null,0,0
../../../asm_examples/RTPatternLibrary/Test/Test_Sem_Async.asm,Test_Sem_Async,2,2,1,6,16,evoavalla,NO_VALID_SCENARIOS,NaN,0,0,0,0,null,null,null,null,null,0,0
../../../asm_examples/examples/traffic_light/oneWayTrafficLight_refined_with_agents_seq.asm,oneWayTrafficLight_refined_with_agents_seq,11,8,1,11,42,evoavalla,NO_VALID_SCENARIOS,NaN,0,0,0,0,null,null,null,null,null,0,0
../../../asm_examples/examples/petriNets/petriNetEdgeWeightNoPlaceCapacity_NoSeq_Matrix_v3.asm,petriNetEdgeWeightNoPlaceCapacity_NoSeq_Matrix_v3,2,1,1,2,4,evoavalla,NO_VALID_SCENARIOS,NaN,0,0,0,0,null,null,null,null,null,0,0
../../../asm_examples/examples/ermts_etcs/scenarios/ertms_hl3_scenario6.asm,ertms_hl3_scenario6,25,98,28,85,252,evoavalla,NO_VALID_SCENARIOS,NaN,0,0,0,0,null,null,null,null,null,0,0
../../../asm_examples/examples/dice/diceNoProbability.asm,diceNoProbability,2,4,0,3,10,evoavalla,NO_VALID_SCENARIOS,NaN,0,0,0,0,null,null,null,null,null,0,0
../../../asm_examples/examples/ermts_etcs/scenarios/ertms_hl3_scenario5.asm,ertms_hl3_scenario5,30,126,34,108,321,evoavalla,NO_VALID_SCENARIOS,NaN,0,0,0,0,null,null,null,null,null,0,0
../../../asm_examples/examples/traffic_light/forAsmetaSMV/oneWayTrafficLight_refined_with_agents.asm,oneWayTrafficLight_refined_with_agents,14,12,1,15,60,evoavalla,NO_VALID_SCENARIOS,NaN,0,0,0,0,null,null,null,null,null,0,0
../../../asm_examples/examples/fsmsemantics/FSM_hooking.asm,FSM_hooking,3,2,0,1,7,evoavalla,NO_VALID_SCENARIOS,NaN,0,0,0,0,null,null,null,null,null,0,0
../../../asm_examples/PillBox/Level2/pillbox_2.asm,pillbox_2,9,40,1,30,91,evoavalla,NO_VALID_SCENARIOS,NaN,0,0,0,0,null,null,null,null,null,0,0
../../../asm_examples/examples/whatTimeIsIt.asm,whatTimeIsIt,1,1,0,0,1,evoavalla,NO_VALID_SCENARIOS,NaN,0,0,0,0,null,null,null,null,null,0,0
../../../asm_examples/stereoacuity/certifierRaff3.asm,certifierRaff3,14,20,0,11,53,evoavalla,OK,67528.0,4,17,5,149,1.0,0.75,NaN,1.0,1.0,0,0
../../../asm_examples/PHD/phd_master_flat2_v3.asm,phd_master_flat2_v3,66,148,0,69,348,evoavalla,OK,87430.0,47,100,97,541,1.0,0.5743243,NaN,0.8768116,0.8678161,0,0
../../../asm_examples/DAS/TrafficMonitoringSystem/validation/mainForModelCheckingThreeCameras.asm,mainForModelCheckingThreeCameras,31,42,9,59,199,evoavalla,NO_VALID_SCENARIOS,NaN,0,0,0,0,null,null,null,null,null,0,0
../../../asm_examples/examples/RushHour/emptyCellAs0/RushHourMonForAsmetaSMV.asm,RushHourMonForAsmetaSMV,2,2,1,5,12,evoavalla,NO_VALID_SCENARIOS,NaN,0,0,0,0,null,null,null,null,null,0,0
../../../asm_examples/PillBox/Level0/pillbox_0.asm,pillbox_0,9,18,0,15,53,evoavalla,OK,67229.0,5,20,15,100,1.0,1.0,NaN,0.93333334,1.0,0,0
../../../asm_examples/PHD/phd_master_flat2_v7.asm,phd_master_flat2_v7,7,184,0,18,307,evoavalla,OK,83929.0,62,209,142,480,1.0,0.48369566,NaN,0.8333333,0.742671,0,0
../../../asm_examples/examples/models/SIS.asm,SIS,10,14,0,11,36,evoavalla,NO_VALID_SCENARIOS,NaN,0,0,0,0,null,null,null,null,null,0,0
../../../asm_examples/examples/RushHour/emptyCellAs0/RushHourMon.asm,RushHourMon,2,2,1,5,9,evoavalla,NO_VALID_SCENARIOS,NaN,0,0,0,0,null,null,null,null,null,0,0
../../../asm_examples/DAS/TrafficMonitoringSystem/validation/mainForModelCheckingR1.asm,mainForModelCheckingR1,31,44,10,61,205,evoavalla,NO_VALID_SCENARIOS,NaN,0,0,0,0,null,null,null,null,null,0,0
../../../asm_examples/examples/ermts_etcs/models/ertms_hl3_integer_disco_lostint_lengthchanged_reco_sweep.asm,ertms_hl3_integer_disco_lostint_lengthchanged_reco_sweep,22,79,20,61,198,evoavalla,NO_VALID_SCENARIOS,NaN,0,0,0,0,null,null,null,null,null,0,0
../../../asm_examples/examples/slotMachine.asm,slotMachine,2,4,0,3,10,evoavalla,NO_VALID_SCENARIOS,NaN,0,0,0,0,null,null,null,null,null,0,0
../../../asm_examples/examples/cards.asm,cards,2,3,1,3,9,evoavalla,NO_VALID_SCENARIOS,NaN,0,0,0,0,null,null,null,null,null,0,0
../../../asm_examples/examples/philosophers/philosophers1.asm,philosophers1,4,6,0,5,16,evoavalla,NO_VALID_SCENARIOS,NaN,0,0,0,0,null,null,null,null,null,0,0
../../../asm_examples/stereoacuity/certifier_nochoose.asm,certifier_nochoose,16,24,0,15,66,evoavalla,OK,68882.0,8,32,7,278,1.0,0.875,NaN,1.0,1.0,0,0
../../../asm_examples/examples/ABZ2020/CarSystemModule/CarSystem007/CarSystem007main.asm,CarSystem007main,2,2,0,0,11,evoavalla,NO_VALID_SCENARIOS,NaN,0,0,0,0,null,null,null,null,null,0,0
../../../asm_examples/DAS/TrafficMonitoringSystem/main.asm,main,2,0,1,1,2,evoavalla,NO_VALID_SCENARIOS,NaN,0,0,0,0,null,null,null,null,null,0,0
../../../asm_examples/examples/carController.asm,carController,1,5,0,2,7,evoavalla,OK,65913.0,1,1,1,2,1.0,0.0,NaN,0.25,0.2857143,0,2
../../../asm_examples/examples/simple_example/MorraCinese/MorraCinese_raff2.asm,MorraCinese_raff2,1,8,0,2,14,evoavalla,NO_VALID_SCENARIOS,NaN,0,0,0,0,null,null,null,null,null,0,0
../../../asm_examples/examples/TrafficLightYakindu/TrafficLight0/TrafficLight_0.asm,TrafficLight_0,7,10,0,7,33,evoavalla,OK,66943.0,3,6,5,45,1.0,1.0,NaN,0.9285714,1.0,0,0
../../../asm_examples/examples/trafficLightCoSim/trafficlightB.asm,trafficlightB,2,5,0,6,14,evoavalla,NO_VALID_SCENARIOS,NaN,0,0,0,0,null,null,null,null,null,0,0
../../../asm_examples/examples/models/lift3.asm,lift3,8,7,0,6,30,evoavalla,NO_VALID_SCENARIOS,NaN,0,0,0,0,null,null,null,null,null,0,0
../../../asm_examples/stereoacuity/certifierRaff4.asm,certifierRaff4,15,21,0,13,58,evoavalla,OK,68667.0,5,24,6,229,1.0,0.7619048,NaN,0.96153843,1.0,0,0
../../../asm_examples/examples/TrafficLightYakindu/TrafficLight1/TrafficLight_1.asm,TrafficLight_1,11,17,0,15,56,evoavalla,OK,67892.0,4,11,10,90,1.0,0.9411765,NaN,0.8333333,1.0,0,0
../../../asm_examples/examples/RushHour/RushHourMon.asm,RushHourMon,2,2,1,5,9,evoavalla,NO_VALID_SCENARIOS,NaN,0,0,0,0,null,null,null,null,null,0,0
../../../asm_examples/examples/fsmsemantics/FSM_map0_2.asm,FSM_map0_2,5,8,0,4,21,evoavalla,NO_VALID_SCENARIOS,NaN,0,0,0,0,null,null,null,null,null,0,0
../../../asm_examples/examples/library/Library.asm,Library,3,7,0,6,21,evoavalla,NO_VALID_SCENARIOS,NaN,0,0,0,0,null,null,null,null,null,0,0
../../../asm_examples/DAS/TrafficMonitoringSystem/mainUnique.asm,mainUnique,31,44,11,62,175,evoavalla,NO_VALID_SCENARIOS,NaN,0,0,0,0,null,null,null,null,null,0,0
../../../asm_examples/examples/ermts_etcs/scenarios/ertms_hl3_scenario1.asm,ertms_hl3_scenario1,29,116,27,98,295,evoavalla,NO_VALID_SCENARIOS,NaN,0,0,0,0,null,null,null,null,null,0,0
../../../asm_examples/examples/simple_example/MorraCinese/withActors/MorraCinese_withActors_raff1.asm,MorraCinese_withActors_raff1,1,6,0,1,10,evoavalla,NO_VALID_SCENARIOS,NaN,0,0,0,0,null,null,null,null,null,0,0
../../../asm_examples/examples/flashProtocol/flashProtocol_N2_L1_Q1_C.asm,flashProtocol_N2_L1_Q1_C,27,91,22,92,276,evoavalla,NO_VALID_SCENARIOS,NaN,0,0,0,0,null,null,null,null,null,0,0
../../../asm_examples/RTPatternLibrary/Application/Test_SB.asm,Test_SB,3,1,0,2,23,evoavalla,NO_VALID_SCENARIOS,NaN,0,0,0,0,null,null,null,null,null,0,0
../../../asm_examples/examples/landingGearSystem/LGS_GM_withError.asm,LGS_GM_withError,4,15,0,3,22,evoavalla,OK,67012.0,5,36,12,82,1.0,1.0,NaN,1.0,1.0,0,0
../../../asm_examples/examples/simple_example/iterativeWhile.asm,iterativeWhile,null,null,null,null,null,evoavalla,MODEL_DATA_ERR,NaN,0,null,null,null,null,null,null,null,null,0,0
../../../asm_examples/DAS/TrafficMonitoringSystem/journal/trafficMonitoringForExperiments.asm,trafficMonitoringForExperiments,43,40,14,67,217,evoavalla,NO_VALID_SCENARIOS,NaN,0,0,0,0,null,null,null,null,null,0,0
../../../asm_examples/examples/hemodialysisDevice/SCP2017/HemodialysisGround.asm,HemodialysisGround,5,2,0,3,11,evoavalla,OK,65577.0,1,3,0,4,1.0,1.0,NaN,1.0,1.0,0,0
../../../asm_examples/examples/petriNets/petriNetNoEdgeWeightNoPlaceCapacity_NoSeq_Matrix.asm,petriNetNoEdgeWeightNoPlaceCapacity_NoSeq_Matrix,2,2,2,3,7,evoavalla,NO_VALID_SCENARIOS,NaN,0,0,0,0,null,null,null,null,null,0,0
../../../asm_examples/examples/authenticationProtocols/groundModel.asm,groundModel,8,14,3,11,50,evoavalla,NO_VALID_SCENARIOS,NaN,0,0,0,0,null,null,null,null,null,0,0
../../../asm_examples/examples/traffic_light/oneWayTrafficLight_refined.asm,oneWayTrafficLight_refined,13,12,1,15,60,evoavalla,NO_VALID_SCENARIOS,66831.0,0,0,0,0,null,null,null,null,null,0,0
../../../asm_examples/PHD/phd_master_flat2_v0.asm,phd_master_flat2_v0,27,52,0,26,131,evoavalla,OK,72086.0,24,52,51,128,1.0,0.78846157,NaN,1.0,1.0,0,0
../../../asm_examples/examples/GilbreathCardTrick/workingButNotElegant/GilbreathCardTrickWithAuxFunctionSimpleForAsmetaSMV.asm,GilbreathCardTrickWithAuxFunctionSimpleForAsmetaSMV,4,13,2,9,33,evoavalla,NO_VALID_SCENARIOS,NaN,0,0,0,0,null,null,null,null,null,0,0
../../../asm_examples/examples/sluicegate/sluiceGateGround.asm,sluiceGateGround,3,2,0,4,13,evoavalla,OK,65835.0,1,2,2,3,1.0,1.0,NaN,0.75,1.0,0,1
../../../asm_examples/erinda/for_atgt.asm,for_atgt,5,23,0,13,52,evoavalla,NO_VALID_SCENARIOS,NaN,0,0,0,0,null,null,null,null,null,0,0
../../../asm_examples/examples/traffic_light/oneWayTrafficLight.asm,oneWayTrafficLight,10,5,0,8,38,evoavalla,NO_VALID_SCENARIOS,65910.0,0,0,0,0,null,null,null,null,null,0,0
../../../asm_examples/examples/flashProtocol/flashProtocol_N2_L2_Q1.asm,flashProtocol_N2_L2_Q1,27,91,23,96,286,evoavalla,NO_VALID_SCENARIOS,NaN,0,0,0,0,null,null,null,null,null,0,0
../../../asm_examples/examples_for_nuXmv/EuclideInt.asm,EuclideInt,1,2,0,2,4,evoavalla,NO_VALID_SCENARIOS,NaN,0,0,0,0,null,null,null,null,null,0,0
../../../asm_examples/examples/ABZ2020/CarSystemModule/CarSystem005/CarSystem005main.asm,CarSystem005main,2,2,0,0,7,evoavalla,NO_VALID_SCENARIOS,NaN,0,0,0,0,null,null,null,null,null,0,0
../../../asm_examples/examples/simple_example/AdvancedClockDeciSecond.asm,AdvancedClockDeciSecond,2,4,0,3,11,evoavalla,OK,66115.0,1,10,0,0,0.5,0.5,NaN,0.5,0.54545456,0,0
../../../asm_examples/examples/landingGearSystem/LGS_EV_v2.asm,LGS_EV_v2,4,38,0,3,60,evoavalla,OK,67819.0,6,30,12,252,1.0,1.0,NaN,1.0,1.0,0,0
../../../asm_examples/examples/models/OrderSystem2.asm,OrderSystem2,6,7,3,4,22,evoavalla,NO_VALID_SCENARIOS,NaN,0,0,0,0,null,null,null,null,null,0,0
../../../asm_examples/examples/conwayGameOfLife/gameOfLife.asm,gameOfLife,2,2,1,4,7,evoavalla,NO_VALID_SCENARIOS,NaN,0,0,0,0,null,null,null,null,null,0,0
../../../asm_examples/DAS/TrafficMonitoringSystem/validation/mainForModelCheckingR4.asm,mainForModelCheckingR4,31,42,9,59,199,evoavalla,NO_VALID_SCENARIOS,NaN,0,0,0,0,null,null,null,null,null,0,0
../../../asm_examples/examples/ABZ2020/CarSystemModule/CarSystem001/CarSystem001main.asm,CarSystem001main,1,0,0,0,1,evoavalla,NO_VALID_SCENARIOS,NaN,0,0,0,0,null,null,null,null,null,0,0
../../../asm_examples/examples/ermts_etcs/scenarios/ertms_hl3_scenario9.asm,ertms_hl3_scenario9,30,105,35,101,290,evoavalla,NO_VALID_SCENARIOS,NaN,0,0,0,0,null,null,null,null,null,0,0
../../../asm_examples/examples/GilbreathCardTrick/GilbreathCardTrickFasterShuffleForAsmetaSMV.asm,GilbreathCardTrickFasterShuffleForAsmetaSMV,5,15,2,13,42,evoavalla,NO_VALID_SCENARIOS,NaN,0,0,0,0,null,null,null,null,null,0,0
../../../asm_examples/examples/ABZ2020/CarSystemModule/CarSystem004/CarSystem004main.asm,CarSystem004main,2,2,0,0,11,evoavalla,NO_VALID_SCENARIOS,NaN,0,0,0,0,null,null,null,null,null,0,0
../../../asm_examples/examples/hemodialysisDevice/ABZ2016/Hemodialysis_ref4_forMC.asm,Hemodialysis_ref4_forMC,154,169,1,217,629,evoavalla,OK,104824.0,2,2,2,340,0.025974026,0.00591716,0.0,0.032258064,0.031796504,0,0
../../../asm_examples/examples/traffic_light/oneWayTrafficLight_refined_with_agents.asm,oneWayTrafficLight_refined_with_agents,14,12,1,15,60,evoavalla,NO_VALID_SCENARIOS,NaN,0,0,0,0,null,null,null,null,null,0,0
../../../asm_examples/examples/simple_example/ATM3.asm,ATM3,10,33,0,23,82,evoavalla,NO_VALID_SCENARIOS,80712.0,0,0,0,0,null,null,null,null,null,0,0
../../../asm_examples/examples/ABZ2020/CarSystemModule/CarSystem009/CarSystem009main.asm,CarSystem009main,2,4,0,0,19,evoavalla,NO_VALID_SCENARIOS,NaN,0,0,0,0,null,null,null,null,null,0,0
../../../asm_examples/examples/trafficLightCoSim/controller.asm,controller,2,11,0,17,45,evoavalla,NO_VALID_SCENARIOS,NaN,0,0,0,0,null,null,null,null,null,0,0
../../../asm_examples/erinda/FMS_IO.asm,FMS_IO,5,167,0,13,197,evoavalla,NO_VALID_SCENARIOS,NaN,0,0,0,0,null,null,null,null,null,0,0
../../../asm_examples/examples/petriNets/petriNetNoEdgeWeightNoPlaceCapacity_NoSeq.asm,petriNetNoEdgeWeightNoPlaceCapacity_NoSeq,2,2,2,3,7,evoavalla,NO_VALID_SCENARIOS,NaN,0,0,0,0,null,null,null,null,null,0,0
../../../asm_examples/examples/simple_example/MorraCinese/MorraCinese.asm,MorraCinese,1,4,0,1,6,evoavalla,NO_VALID_SCENARIOS,NaN,0,0,0,0,null,null,null,null,null,0,0
../../../asm_examples/examples/traffic_light/oneWayTrafficLight2.asm,oneWayTrafficLight2,8,5,0,8,30,evoavalla,NO_VALID_SCENARIOS,65966.0,0,0,0,0,null,null,null,null,null,0,0
../../../asm_examples/systemc/counter/main.asm,main,1,0,0,0,1,evoavalla,NO_VALID_SCENARIOS,NaN,0,0,0,0,null,null,null,null,null,0,0
../../../asm_examples/examples/petriNets/petriNetEdgeWeightNoPlaceCapacity_NoSeq_Matrix_Murata17a.asm,petriNetEdgeWeightNoPlaceCapacity_NoSeq_Matrix_Murata17a,2,1,1,2,4,evoavalla,NO_VALID_SCENARIOS,NaN,0,0,0,0,null,null,null,null,null,0,0
../../../asm_examples/examples/landingGearSystem/LGS_SE.asm,LGS_SE,4,38,0,9,66,evoavalla,OK,69482.0,7,33,29,280,1.0,1.0,NaN,0.6666667,1.0,0,0
../../../asm_examples/examples/filosofiEciliegie/filosofiEciliegieJustLeft.asm,filosofiEciliegieJustLeft,2,3,0,3,8,evoavalla,NO_VALID_SCENARIOS,NaN,0,0,0,0,null,null,null,null,null,0,0
../../../asm_examples/examples/traffic_light/oneWayTrafficLight_inline.asm,oneWayTrafficLight_inline,6,5,0,8,34,evoavalla,NO_VALID_SCENARIOS,66035.0,0,0,0,0,null,null,null,null,null,0,0
../../../asm_examples/examples/simple_example/MorraCinese/MorraCineseWithAgents.asm,MorraCineseWithAgents,2,4,0,1,7,evoavalla,NO_VALID_SCENARIOS,NaN,0,0,0,0,null,null,null,null,null,0,0
../../../asm_examples/DAS/TrafficMonitoringSystem/journal/trafficMonitoring.asm,trafficMonitoring,43,40,14,67,217,evoavalla,NO_VALID_SCENARIOS,NaN,0,0,0,0,null,null,null,null,null,0,0
../../../asm_examples/PillBox/Level1/pillbox_1_for_RefProv.asm,pillbox_1_for_RefProv,9,30,0,19,69,evoavalla,NO_VALID_SCENARIOS,NaN,0,0,0,0,null,null,null,null,null,0,0
../../../asm_examples/PHD/phd_master_flat2_v2.asm,phd_master_flat2_v2,64,144,0,67,338,evoavalla,OK,86541.0,49,110,107,587,1.0,0.6388889,NaN,0.9104478,0.908284,0,0
../../../asm_examples/examples/ermts_etcs/models/ertms_hl3_integer_disconnected_train.asm,ertms_hl3_integer_disconnected_train,15,54,16,42,134,evoavalla,NO_VALID_SCENARIOS,NaN,0,0,0,0,null,null,null,null,null,0,0
../../../asm_examples/examples/simple_example/AdvancedClock2.asm,AdvancedClock2,2,3,0,3,9,evoavalla,OK,66059.0,2,4,1,0,1.0,0.6666667,NaN,0.8333333,0.8888889,0,0
../../../asm_examples/examples/smartHome/smartHome.asm,smartHome,24,25,0,34,95,evoavalla,NO_VALID_SCENARIOS,NaN,0,0,0,0,null,null,null,null,null,0,0
../../../asm_examples/RTPatternLibrary/Test/Test_Sem_Sync.asm,Test_Sem_Sync,2,2,1,9,21,evoavalla,NO_VALID_SCENARIOS,NaN,0,0,0,0,null,null,null,null,null,0,0
../../../asm_examples/examples/fsmsemantics/meta_hooking/FSM_spec0.asm,FSM_spec0,3,2,0,1,7,evoavalla,NO_VALID_SCENARIOS,NaN,0,0,0,0,null,null,null,null,null,0,0
../../../asm_examples/stereoacuity/certifierRaff1.asm,certifierRaff1,13,15,0,9,43,evoavalla,OK,67795.0,5,15,6,102,1.0,0.8666667,NaN,1.0,1.0,0,0
../../../asm_examples/examples/petriNets/petriNetEdgeWeightNoPlaceCapacity_NoSeq_Matrix_v2.asm,petriNetEdgeWeightNoPlaceCapacity_NoSeq_Matrix_v2,2,1,1,2,4,evoavalla,NO_VALID_SCENARIOS,NaN,0,0,0,0,null,null,null,null,null,0,0
../../../asm_examples/examples/hemodialysisDevice/SCP2017/HemodialysisRef3.asm,HemodialysisRef3,159,146,1,229,648,evoavalla,NO_VALID_SCENARIOS,118330.0,0,0,0,0,null,null,null,null,null,0,2
../../../asm_examples/examples/traffic_light/Timer/oneWayTrafficLight.asm,oneWayTrafficLight,5,4,0,4,13,evoavalla,NO_VALID_SCENARIOS,NaN,0,0,0,0,null,null,null,null,null,0,0
../../../asm_examples/examples/petriNets/forModelAdvisor/petriNet_forModelAdvisor_InconsUpdateViolation.asm,petriNet_forModelAdvisor_InconsUpdateViolation,2,2,2,3,7,evoavalla,NO_VALID_SCENARIOS,NaN,0,0,0,0,null,null,null,null,null,0,0
../../../asm_examples/PillBox/Level3/pillbox_FULL_elia.asm,pillbox_FULL_elia,7,19,1,10,43,evoavalla,NO_VALID_SCENARIOS,NaN,0,0,0,0,null,null,null,null,null,0,0
../../../asm_examples/SystemCUMLProfile_metahooking/main.asm,main,1,0,0,0,1,evoavalla,NO_VALID_SCENARIOS,NaN,0,0,0,0,null,null,null,null,null,0,0
../../../asm_examples/examples/production_cell/press.asm,press,7,6,1,7,20,evoavalla,NO_VALID_SCENARIOS,NaN,0,0,0,0,null,null,null,null,null,0,0
../../../asm_examples/systemc/counter2/main.asm,main,1,0,0,0,1,evoavalla,NO_VALID_SCENARIOS,NaN,0,0,0,0,null,null,null,null,null,0,0
../../../asm_examples/examples/ABZ2020/CarSystemModule/CarSystem006/CarSystem006main.asm,CarSystem006main,2,2,0,0,9,evoavalla,NO_VALID_SCENARIOS,NaN,0,0,0,0,null,null,null,null,null,0,0
../../../asm_examples/examples/philosophers/philosophers2.asm,philosophers2,4,6,1,5,16,evoavalla,NO_VALID_SCENARIOS,NaN,0,0,0,0,null,null,null,null,null,0,0
../../../asm_examples/examples/models/lift2.asm,lift2,8,7,0,6,29,evoavalla,NO_VALID_SCENARIOS,NaN,0,0,0,0,null,null,null,null,null,0,0
../../../asm_examples/unibgstudents/RegistroDiCassa.asm,RegistroDiCassa,8,23,0,12,58,evoavalla,OK,67219.0,3,6,9,18,0.875,0.6086956,NaN,0.875,0.79310346,0,1
../../../asm_examples/DAS/TrafficMonitoringSystem/validation/mainForModelCheckingNoSelfHealer.asm,mainForModelCheckingNoSelfHealer,24,30,6,38,147,evoavalla,NO_VALID_SCENARIOS,NaN,0,0,0,0,null,null,null,null,null,0,0
../../../asm_examples/examples/agents/processesSchedulerShortestJobNext.asm,processesSchedulerShortestJobNext,4,7,1,8,21,evoavalla,NO_VALID_SCENARIOS,NaN,0,0,0,0,null,null,null,null,null,0,0
../../../asm_examples/examples/production_cell/DEPOSITBELT.asm,DEPOSITBELT,4,5,1,4,14,evoavalla,OK,65664.0,1,1,0,0,0.25,0.0,0.33333334,0.125,0.071428575,0,0
../../../asm_examples/examples/petriNets/forAsmetaSMV/petriNet_forNuSMV_notLive_bound1_deadlockFree.asm,petriNet_forNuSMV_notLive_bound1_deadlockFree,2,1,1,2,4,evoavalla,NO_VALID_SCENARIOS,NaN,0,0,0,0,null,null,null,null,null,0,0
../../../asm_examples/examples/TrafficLightYakindu/TrafficLight3/TrafficLight_3.asm,TrafficLight_3,14,35,0,23,88,evoavalla,OK,69488.0,4,14,12,108,1.0,0.9714286,NaN,0.7826087,1.0,0,0
../../../asm_examples/examples/ermts_etcs/models/integer_train.asm,integer_train,7,17,4,13,44,evoavalla,NO_VALID_SCENARIOS,NaN,0,0,0,0,null,null,null,null,null,0,0
../../../asm_examples/examples/simple_example/SwapSort.asm,SwapSort,3,2,0,1,6,evoavalla,NO_VALID_SCENARIOS,65225.0,0,0,0,0,null,null,null,null,null,0,0
../../../asm_examples/examples/ticTacToe/ticTacToe_simulator_with_inv.asm,ticTacToe_simulator_with_inv,3,4,0,4,12,evoavalla,NO_VALID_SCENARIOS,NaN,0,0,0,0,null,null,null,null,null,0,0
../../../asm_examples/examples/ferryman/ferrymanSimulator.asm,ferrymanSimulator,3,4,0,2,9,evoavalla,NO_VALID_SCENARIOS,66131.0,0,0,0,0,null,null,null,null,null,2,0
../../../asm_examples/examples/TrafficLightYakindu/TrafficLight_NOREF/TrafficLight_4.asm,TrafficLight_4,10,25,0,18,80,evoavalla,OK,67666.0,1,1,0,12,0.8,0.36,NaN,0.44444445,0.5625,3,0
../../../asm_examples/examples/flashProtocol/flashProtocol_N2_L2_Q1_C.asm,flashProtocol_N2_L2_Q1_C,27,91,23,97,287,evoavalla,NO_VALID_SCENARIOS,NaN,0,0,0,0,null,null,null,null,null,0,0
../../../asm_examples/examples/simple_example/while.asm,while,5,4,0,5,17,evoavalla,NO_VALID_SCENARIOS,NaN,0,0,0,0,null,null,null,null,null,0,0
../../../asm_examples/unibgstudents/Contatore_U_DA_H.asm,Contatore_U_DA_H,5,4,0,4,15,evoavalla,OK,66183.0,2,2,1,0,0.4,0.25,NaN,0.375,0.33333334,0,0
../../../asm_examples/examples/roulette/roulette.asm,roulette,4,4,0,4,14,evoavalla,NO_VALID_SCENARIOS,NaN,0,0,0,0,null,null,null,null,null,0,0
../../../asm_examples/stereoacuity/modelReview/certifierGroundWrongGuard.asm,certifierGroundWrongGuard,12,12,0,8,37,evoavalla,NO_VALID_SCENARIOS,NaN,0,0,0,0,null,null,null,null,null,0,0
../../../asm_examples/DAS/TrafficMonitoringSystem/validation/mainForModelCheckingR2.asm,mainForModelCheckingR2,31,42,9,59,199,evoavalla,NO_VALID_SCENARIOS,NaN,0,0,0,0,null,null,null,null,null,0,0
../../../asm_examples/examples/coffeeVendingMachine/coffeeVendingMachine.asm,coffeeVendingMachine,2,2,0,4,9,evoavalla,OK,66330.0,1,1,1,8,1.0,1.0,NaN,0.625,1.0,1,0
../../../asm_examples/examples/agents/producerConsumerGround.asm,producerConsumerGround,7,5,0,2,18,evoavalla,NO_VALID_SCENARIOS,NaN,0,0,0,0,null,null,null,null,null,0,0
../../../asm_examples/examples/simple_example/MorraCinese/withActors/MorraCinese_withActors_raff2.asm,MorraCinese_withActors_raff2,1,7,0,2,13,evoavalla,NO_VALID_SCENARIOS,NaN,0,0,0,0,null,null,null,null,null,0,0
../../../asm_examples/examples/NeedhamSchroeder/NeedhamSchroederLoweWithSpy.asm,NeedhamSchroederLoweWithSpy,13,20,1,11,81,evoavalla,NO_VALID_SCENARIOS,NaN,0,0,0,0,null,null,null,null,null,0,0
../../../asm_examples/systemc/orgate/main.asm,main,1,0,0,0,1,evoavalla,NO_VALID_SCENARIOS,NaN,0,0,0,0,null,null,null,null,null,0,0
../../../asm_examples/examples/traffic_light/oneWayTrafficLightOnlyPassedFlat.asm,oneWayTrafficLightOnlyPassedFlat,5,12,0,5,26,evoavalla,OK,66190.0,1,4,1,25,1.0,1.0,NaN,0.9,1.0,0,1
../../../asm_examples/examples/fsmsemantics/meta_hooking/FSM_spec.asm,FSM_spec,3,2,0,1,7,evoavalla,NO_VALID_SCENARIOS,NaN,0,0,0,0,null,null,null,null,null,0,0
../../../asm_examples/examples/hemodialysisDevice/ABZ2016/Hemodialysis_ref3_forMC.asm,Hemodialysis_ref3_forMC,102,111,0,127,381,evoavalla,OK,83632.0,2,10,3,300,0.12745099,0.08108108,NaN,0.11811024,0.112860896,0,0
../../../asm_examples/examples/agents/populationAgent.asm,populationAgent,4,7,1,8,20,evoavalla,NO_VALID_SCENARIOS,NaN,0,0,0,0,null,null,null,null,null,0,0
../../../asm_examples/examples/petriNets/forAsmetaSMV/petriNet_forNuSMV_withDeadlock.asm,petriNet_forNuSMV_withDeadlock,2,1,1,2,4,evoavalla,NO_VALID_SCENARIOS,NaN,0,0,0,0,null,null,null,null,null,0,0
../../../asm_examples/examples/simple_example/Invariants.asm,Invariants,1,1,0,1,2,evoavalla,NO_VALID_SCENARIOS,65672.0,0,0,0,0,null,null,null,null,null,0,0
../../../asm_examples/examples/ermts_etcs/models/ertms_hl3_integer_disco_lostint_lengthchanged.asm,ertms_hl3_integer_disco_lostint_lengthchanged,19,64,19,49,158,evoavalla,NO_VALID_SCENARIOS,NaN,0,0,0,0,null,null,null,null,null,0,0
../../../asm_examples/examples/traffic_light/Timer/oneWayTrafficLight_refinedMillisec.asm,oneWayTrafficLight_refinedMillisec,8,9,1,11,44,evoavalla,NO_VALID_SCENARIOS,NaN,0,0,0,0,null,null,null,null,null,0,0
../../../asm_examples/stereoacuity/certifier_nochoose_noundef.asm,certifier_nochoose_noundef,17,28,0,17,74,evoavalla,OK,70598.0,12,37,12,344,1.0,0.89285713,NaN,0.9411765,1.0,0,0
../../../asm_examples/examples/TrafficLightYakindu/TrafficLight4/TrafficLight_4.asm,TrafficLight_4,13,11,0,17,60,evoavalla,OK,68171.0,4,14,12,108,1.0,0.90909094,NaN,0.8235294,1.0,0,0
../../../asm_examples/examples/ermts_etcs/models/ertms_hl3_integer_train.asm,ertms_hl3_integer_train,10,26,6,18,66,evoavalla,NO_VALID_SCENARIOS,NaN,0,0,0,0,null,null,null,null,null,0,0
../../../asm_examples/unibgstudents/stufa.asm,stufa,10,18,0,11,42,evoavalla,OK,67412.0,1,1,0,10,0.5,0.11111111,NaN,0.27272728,0.33333334,0,0
../../../asm_examples/RTPatternLibrary/Application/VisualServoing.asm,VisualServoing,3,1,0,2,32,evoavalla,NO_VALID_SCENARIOS,NaN,0,0,0,0,null,null,null,null,null,0,0
../../../asm_examples/examples/agents/producerConsumerRaff.asm,producerConsumerRaff,7,6,0,2,20,evoavalla,NO_VALID_SCENARIOS,NaN,0,0,0,0,null,null,null,null,null,0,0
../../../asm_examples/examples/ferryman/ferrymanSimulator_raff1.asm,ferrymanSimulator_raff1,3,5,0,3,11,evoavalla,NO_VALID_SCENARIOS,66032.0,0,0,0,0,null,null,null,null,null,2,0
../../../asm_examples/examples/SemaforiAttraversamentoPedonale.asm,SemaforiAttraversamentoPedonale,2,2,0,3,9,evoavalla,NO_VALID_SCENARIOS,NaN,0,0,0,0,null,null,null,null,null,0,0
../../../asm_examples/DAS/TrafficMonitoringSystem/seams2015/trafficMonitoringSystem.asm,trafficMonitoringSystem,32,40,10,68,213,evoavalla,NO_VALID_SCENARIOS,NaN,0,0,0,0,null,null,null,null,null,0,0
../../../asm_examples/examples/RushHour/emptyCellAs0/RushHourForAsmetaSMV.asm,RushHourForAsmetaSMV,2,2,1,5,11,evoavalla,NO_VALID_SCENARIOS,NaN,0,0,0,0,null,null,null,null,null,0,0
../../../asm_examples/examples/petriNets/petriNetEdgeWeightPlaceCapacity_NoSeq_Matrix.asm,petriNetEdgeWeightPlaceCapacity_NoSeq_Matrix,2,1,1,2,4,evoavalla,NO_VALID_SCENARIOS,NaN,0,0,0,0,null,null,null,null,null,0,0
../../../asm_examples/examples/production_cell/robot.asm,robot,13,16,1,13,46,evoavalla,NO_VALID_SCENARIOS,NaN,0,0,0,0,null,null,null,null,null,0,0
../../../asm_examples/examples/ermts_etcs/scenarios/ertms_hl3_scenario4.asm,ertms_hl3_scenario4,31,121,32,101,307,evoavalla,NO_VALID_SCENARIOS,NaN,0,0,0,0,null,null,null,null,null,0,0
../../../asm_examples/examples/traffic_light/forAsmetaSMV/oneWayTrafficLight.asm,oneWayTrafficLight,7,5,0,8,29,evoavalla,NO_VALID_SCENARIOS,NaN,0,0,0,0,null,null,null,null,null,0,0
../../../asm_examples/examples/landingGearSystem/LGS_EV.asm,LGS_EV,4,38,0,3,60,evoavalla,OK,68119.0,5,25,10,210,1.0,1.0,NaN,1.0,1.0,0,0
../../../asm_examples/examples/RushHour/RushHourMonSimplForAsmetaSMV.asm,RushHourMonSimplForAsmetaSMV,2,2,1,5,10,evoavalla,NO_VALID_SCENARIOS,NaN,0,0,0,0,null,null,null,null,null,0,0
../../../asm_examples/DAS/TrafficMonitoringSystem/validation/mainForModelCheckingNoSelfHealerNoFailures.asm,mainForModelCheckingNoSelfHealerNoFailures,22,28,6,32,129,evoavalla,NO_VALID_SCENARIOS,NaN,0,0,0,0,null,null,null,null,null,0,0
../../../asm_examples/examples/sultanSuccessors/sultan.asm,sultan,3,7,0,4,15,evoavalla,NO_VALID_SCENARIOS,NaN,0,0,0,0,null,null,null,null,null,0,0
../../../asm_examples/examples/RushHour/RushHourSimplForAsmetaSMV.asm,RushHourSimplForAsmetaSMV,2,2,1,5,9,evoavalla,NO_VALID_SCENARIOS,NaN,0,0,0,0,null,null,null,null,null,0,0
../../../asm_examples/examples/ermts_etcs/scenarios/ertms_hl3_scenario2.asm,ertms_hl3_scenario2,30,126,34,108,321,evoavalla,NO_VALID_SCENARIOS,NaN,0,0,0,0,null,null,null,null,null,0,0
../../../asm_examples/RTPatternLibrary/Application/CompleteApplication.asm,CompleteApplication,3,1,0,2,51,evoavalla,NO_VALID_SCENARIOS,NaN,0,0,0,0,null,null,null,null,null,0,0
../../../asm_examples/erinda/fms_io_for_atgt.asm,fms_io_for_atgt,5,4,0,4,14,evoavalla,NO_VALID_SCENARIOS,NaN,0,0,0,0,null,null,null,null,null,0,0
../../../asm_examples/examples/landingGearSystem/LGS_SE_v2.asm,LGS_SE_v2,4,38,0,9,66,evoavalla,OK,68852.0,7,33,29,280,1.0,1.0,NaN,0.6666667,1.0,0,0
../../../asm_examples/examples/hemodialysisDevice/ABZ2016/Hemodialysis_ref2_par.asm,Hemodialysis_ref2_par,93,95,0,122,387,evoavalla,OK,92599.0,2,2,2,240,0.043010753,0.010526316,NaN,0.04918033,0.043927647,0,0
../../../asm_examples/DAS/TrafficMonitoringSystem/validation/mainForModelCheckingWithPatterns.asm,mainForModelCheckingWithPatterns,32,40,10,68,213,evoavalla,NO_VALID_SCENARIOS,NaN,0,0,0,0,null,null,null,null,null,0,0
../../../asm_examples/examples/GilbreathCardTrick/GilbreathCardTrickSimpl.asm,GilbreathCardTrickSimpl,7,11,2,9,39,evoavalla,NO_VALID_SCENARIOS,NaN,0,0,0,0,null,null,null,null,null,0,0
../../../asm_examples/examples/models/LIFT.asm,LIFT,9,11,4,8,33,evoavalla,NO_VALID_SCENARIOS,NaN,0,0,0,0,null,null,null,null,null,0,0
../../../asm_examples/examples/petriNets/forAsmetaSMV/petriNet_forNuSMV_reversable.asm,petriNet_forNuSMV_reversable,2,1,1,2,4,evoavalla,NO_VALID_SCENARIOS,NaN,0,0,0,0,null,null,null,null,null,0,0
../../../asm_examples/examples/landingGearSystem/LGS_GM.asm,LGS_GM,4,15,0,3,22,evoavalla,OK,67269.0,7,33,14,80,1.0,1.0,NaN,1.0,1.0,0,0
../../../asm_examples/examples_for_nuXmv/FunctionInt.asm,FunctionInt,1,3,0,2,6,evoavalla,NO_VALID_SCENARIOS,NaN,0,0,0,0,null,null,null,null,null,0,0
../../../asm_examples/examples/models/FlipFlop.asm,FlipFlop,3,1,0,1,7,evoavalla,NO_VALID_SCENARIOS,NaN,0,0,0,0,null,null,null,null,null,0,0
../../../asm_examples/examples/traffic_light/Timer/oneWayTrafficLight_refinedMillisecSec.asm,oneWayTrafficLight_refinedMillisecSec,8,9,1,11,44,evoavalla,NO_VALID_SCENARIOS,NaN,0,0,0,0,null,null,null,null,null,0,0
../../../asm_examples/examples/simple_example/euclideMCD_init.asm,euclideMCD_init,1,2,0,2,4,evoavalla,OK,65722.0,2,4,4,0,1.0,0.5,NaN,0.75,0.75,0,0
../../../asm_examples/systemc/counterAG/main_user.asm,main_user,1,0,0,0,1,evoavalla,NO_VALID_SCENARIOS,NaN,0,0,0,0,null,null,null,null,null,0,0
../../../asm_examples/unibgstudents/VideotecaASM.asm,VideotecaASM,8,24,0,20,66,evoavalla,NO_VALID_SCENARIOS,73202.0,0,0,0,0,null,null,null,null,null,0,0
../../../asm_examples/examples/hemodialysisDevice/ABZ2016/Hemodialysis_ref1_forMC.asm,Hemodialysis_ref1_forMC,58,59,0,70,196,evoavalla,OK,75889.0,3,34,17,333,0.41379312,0.33898306,NaN,0.5714286,0.5408163,0,0
../../../asm_examples/examples/sluicegate/Timer/sluiceGateGround.asm,sluiceGateGround,1,2,0,2,9,evoavalla,NO_VALID_SCENARIOS,NaN,0,0,0,0,null,null,null,null,null,0,0
../../../asm_examples/erinda/FMS_IO_3.asm,FMS_IO_3,5,46,0,4,59,evoavalla,NO_VALID_SCENARIOS,NaN,0,0,0,0,null,null,null,null,null,0,0
../../../asm_examples/examples/sluicegate/sluiceGateMotorCtl.asm,sluiceGateMotorCtl,4,9,0,8,28,evoavalla,OK,66833.0,1,4,4,15,1.0,1.0,NaN,0.75,1.0,0,1
../../../asm_examples/examples/fsmsemantics/meta_hooking/FSM.asm,FSM,3,2,1,2,8,evoavalla,NO_VALID_SCENARIOS,NaN,0,0,0,0,null,null,null,null,null,0,0
../../../asm_examples/examples/petriNets/forModelAdvisor/petriNet_forModelAdvisor_InconsUpdateViolation2.asm,petriNet_forModelAdvisor_InconsUpdateViolation2,2,2,2,3,7,evoavalla,NO_VALID_SCENARIOS,NaN,0,0,0,0,null,null,null,null,null,0,0
../../../asm_examples/examples/parking.asm,parking,2,2,1,5,9,evoavalla,NO_VALID_SCENARIOS,NaN,0,0,0,0,null,null,null,null,null,0,0
../../../asm_examples/RTPatternLibrary/Application/RobotController.asm,RobotController,3,1,0,2,42,evoavalla,NO_VALID_SCENARIOS,NaN,0,0,0,0,null,null,null,null,null,0,0
../../../asm_examples/examples/hemodialysisDevice/SCP2017/HemodialysisRef2.asm,HemodialysisRef2,143,128,1,207,578,evoavalla,OK,107481.0,1,2,2,234,0.055944055,0.03125,0.0,0.04589372,0.060553633,0,1
../../../asm_examples/examples_for_nuXmv/FunctionInt2.asm,FunctionInt2,1,2,0,1,3,evoavalla,NO_VALID_SCENARIOS,NaN,0,0,0,0,null,null,null,null,null,0,0
../../../asm_examples/PHD/phd_master_flat2_v1.asm,phd_master_flat2_v1,4,52,0,3,85,evoavalla,OK,70217.0,24,52,51,128,1.0,0.78846157,NaN,1.0,1.0,0,0
../../../asm_examples/PillBox/Level1/pillbox_1_elia.asm,pillbox_1_elia,7,21,0,10,45,evoavalla,NO_VALID_SCENARIOS,NaN,0,0,0,0,null,null,null,null,null,0,0
../../../asm_examples/examples/GilbreathCardTrick/workingButNotElegant/GilbreathCardTrickWithAuxFunctionSimple.asm,GilbreathCardTrickWithAuxFunctionSimple,4,15,1,8,34,evoavalla,NO_VALID_SCENARIOS,NaN,0,0,0,0,null,null,null,null,null,0,0
../../../asm_examples/examples/agents/populationAgent_raff1_twoPersons.asm,populationAgent_raff1_twoPersons,4,7,1,8,20,evoavalla,NO_VALID_SCENARIOS,NaN,0,0,0,0,null,null,null,null,null,0,0
../../../asm_examples/examples/simple_example/QuickSort.asm,QuickSort,1,1,0,0,1,evoavalla,NO_VALID_SCENARIOS,NaN,0,0,0,0,null,null,null,null,null,0,0
../../../asm_examples/examples/ABZ2020/CarSystemModule/CarSystem002/CarSystem002main.asm,CarSystem002main,2,2,0,0,10,evoavalla,NO_VALID_SCENARIOS,NaN,0,0,0,0,null,null,null,null,null,0,0
../../../asm_examples/stereoacuity/certifierGround.asm,certifierGround,12,12,0,7,36,evoavalla,OK,67045.0,4,13,5,70,1.0,0.9166667,NaN,1.0,1.0,0,0
../../../asm_examples/examples/philosophers/philosophers3.asm,philosophers3,4,6,0,5,17,evoavalla,NO_VALID_SCENARIOS,NaN,0,0,0,0,null,null,null,null,null,0,0
../../../asm_examples/examples/traffic_light/oneWayTrafficLightUsingEnumFlat.asm,oneWayTrafficLightUsingEnumFlat,5,12,0,8,29,evoavalla,OK,66870.0,2,5,4,35,1.0,1.0,NaN,0.8125,1.0,0,0
../../../asm_examples/examples/simple_example/euclideMCD.asm,euclideMCD,1,2,0,2,4,evoavalla,OK,65622.0,1,2,0,0,1.0,1.0,NaN,0.75,1.0,0,0
../../../asm_examples/examples/hemodialysisDevice/ABZ2016/Hemodialysis_ref2_forMC.asm,Hemodialysis_ref2_forMC,89,95,0,108,324,evoavalla,OK,74524.0,2,2,2,88,0.04494382,0.010526316,NaN,0.055555556,0.052469134,0,0
../../../asm_examples/examples/agents/populationAgent_raff1_fourPersons.asm,populationAgent_raff1_fourPersons,4,7,1,8,20,evoavalla,NO_VALID_SCENARIOS,NaN,0,0,0,0,null,null,null,null,null,0,0
../../../asm_examples/examples/simple_example/population_raff1_fourPersons.asm,population_raff1_fourPersons,4,7,1,8,21,evoavalla,NO_VALID_SCENARIOS,NaN,0,0,0,0,null,null,null,null,null,0,0
../../../asm_examples/examples/swapBoard.asm,swapBoard,3,4,1,3,11,evoavalla,NO_VALID_SCENARIOS,NaN,0,0,0,0,null,null,null,null,null,0,0
../../../asm_examples/examples/simple_example/IncosistentUpdate.asm,IncosistentUpdate,1,2,0,2,5,evoavalla,NO_VALID_SCENARIOS,NaN,0,0,0,0,null,null,null,null,null,0,0
../../../asm_examples/examples/agents/SeqSelf.asm,SeqSelf,4,2,0,0,5,evoavalla,NO_VALID_SCENARIOS,NaN,0,0,0,0,null,null,null,null,null,0,0
../../../asm_examples/systemc/clock/main.asm,main,1,0,0,0,1,evoavalla,NO_VALID_SCENARIOS,NaN,0,0,0,0,null,null,null,null,null,0,0
../../../asm_examples/examples/ABZ2020/CarSystemModule/CarSystem003/CarSystem003main.asm,CarSystem003main,2,2,0,0,11,evoavalla,NO_VALID_SCENARIOS,NaN,0,0,0,0,null,null,null,null,null,0,0
../../../asm_examples/examples/petriNets/petriNetNoEdgeWeightNoPlaceCapacity_seq.asm,petriNetNoEdgeWeightNoPlaceCapacity_seq,2,2,2,3,7,evoavalla,NO_VALID_SCENARIOS,NaN,0,0,0,0,null,null,null,null,null,0,0
../../../asm_examples/examples/ermts_etcs/scenarios/ertms_hl3_scenario3.asm,ertms_hl3_scenario3,30,126,34,108,321,evoavalla,NO_VALID_SCENARIOS,NaN,0,0,0,0,null,null,null,null,null,0,0
../../../asm_examples/examples/Yahalom/FlawedYahalom.asm,FlawedYahalom,11,29,2,20,97,evoavalla,NO_VALID_SCENARIOS,NaN,0,0,0,0,null,null,null,null,null,0,0
../../../asm_examples/examples/simple_example/population.asm,population,3,7,1,8,20,evoavalla,NO_VALID_SCENARIOS,NaN,0,0,0,0,null,null,null,null,null,0,0
../../../asm_examples/examples/fsmsemantics/meta_hooking/myFSM.asm,myFSM,3,2,0,1,7,evoavalla,NO_VALID_SCENARIOS,NaN,0,0,0,0,null,null,null,null,null,0,0
../../../asm_examples/examples/ABZ2020/CarSystemModule/CarSystem008/CarSystem008main.asm,CarSystem008main,2,4,0,0,19,evoavalla,NO_VALID_SCENARIOS,NaN,0,0,0,0,null,null,null,null,null,0,0
../../../asm_examples/examples/testRanges.asm,testRanges,1,0,0,0,1,evoavalla,OK,65640.0,1,1,0,0,1.0,NaN,NaN,NaN,1.0,0,0
../../../asm_examples/examples/traffic_light/oneWayTrafficLight_refined_with_agents_problem.asm,oneWayTrafficLight_refined_with_agents_problem,13,8,1,11,50,evoavalla,NO_VALID_SCENARIOS,NaN,0,0,0,0,null,null,null,null,null,0,0
../../../asm_examples/examples/landingGearSystem/LGS_HM.asm,LGS_HM,5,46,0,18,86,evoavalla,NO_VALID_SCENARIOS,68625.0,0,0,0,0,null,null,null,null,null,0,2
../../../asm_examples/PillBox/Level2/pillbox_2_elia.asm,pillbox_2_elia,7,31,1,20,66,evoavalla,NO_VALID_SCENARIOS,NaN,0,0,0,0,null,null,null,null,null,0,0
../../../asm_examples/stereoacuity/certifierRaff5.asm,certifierRaff5,14,20,0,11,53,evoavalla,OK,67925.0,4,17,4,149,1.0,0.75,NaN,1.0,1.0,0,0
../../../asm_examples/examples/simple_example/MorraCinese/MorraCinese_raff1.asm,MorraCinese_raff1,1,6,0,1,10,evoavalla,NO_VALID_SCENARIOS,NaN,0,0,0,0,null,null,null,null,null,0,0
../../../asm_examples/examples/landingGearSystem/LGS_3L.asm,LGS_3L,4,38,0,9,66,evoavalla,OK,68717.0,3,6,7,63,1.0,0.28947368,NaN,0.2777778,0.34848484,0,1
../../../asm_examples/examples/agents/FileSystem.asm,FileSystem,3,4,1,3,10,evoavalla,NO_VALID_SCENARIOS,NaN,0,0,0,0,null,null,null,null,null,0,0
../../../asm_examples/examples/trafficLightCoSim/trafficlightA.asm,trafficlightA,2,5,0,6,14,evoavalla,NO_VALID_SCENARIOS,NaN,0,0,0,0,null,null,null,null,null,0,0
../../../asm_examples/examples/NeedhamSchroeder/NeedhamSchroeder.asm,NeedhamSchroeder,8,16,1,8,56,evoavalla,NO_VALID_SCENARIOS,NaN,0,0,0,0,null,null,null,null,null,0,0
../../../asm_examples/examples/simple_example/fattoriale.asm,fattoriale,2,6,0,3,13,evoavalla,OK,65854.0,2,2,2,0,1.0,1.0,NaN,0.8333333,1.0,0,0
../../../asm_examples/examples/smartHome/smartHomeNoMultiChannel.asm,smartHomeNoMultiChannel,24,25,0,34,95,evoavalla,NO_VALID_SCENARIOS,NaN,0,0,0,0,null,null,null,null,null,0,0
../../../asm_examples/examples/hemodialysisDevice/ABZ2016/Hemodialysis_GM.asm,Hemodialysis_GM,5,2,0,3,11,evoavalla,OK,65567.0,1,3,0,4,1.0,1.0,NaN,1.0,1.0,0,0
../../../asm_examples/examples/trafficLightCoSim/emptyModel.asm,emptyModel,1,0,0,0,1,evoavalla,OK,65794.0,1,1,0,0,1.0,NaN,NaN,NaN,1.0,0,0
../../../asm_examples/examples/RushHour/emptyCellAs0/RushHour.asm,RushHour,2,2,1,5,9,evoavalla,NO_VALID_SCENARIOS,NaN,0,0,0,0,null,null,null,null,null,0,0
../../../asm_examples/examples/parkingSimple.asm,parkingSimple,1,2,0,2,4,evoavalla,OK,65642.0,2,3,4,0,1.0,1.0,NaN,1.0,1.0,0,0
../../../asm_examples/examples/RushHour/RushHour.asm,RushHour,2,2,1,5,9,evoavalla,NO_VALID_SCENARIOS,NaN,0,0,0,0,null,null,null,null,null,0,0
../../../asm_examples/examples/RushHour/emptyCellAs0/RushHourSimplForAsmetaSMV.asm,RushHourSimplForAsmetaSMV,2,2,1,5,11,evoavalla,NO_VALID_SCENARIOS,NaN,0,0,0,0,null,null,null,null,null,0,0
../../../asm_examples/unibgstudents/Prova.asm,Prova,3,2,0,4,9,evoavalla,OK,65664.0,2,3,2,5,1.0,1.0,NaN,0.875,1.0,0,0
../../../asm_examples/examples/petriNets/forModelAdvisor/petriNet_forModelAdvisor_InconsUpdateViolation3.asm,petriNet_forModelAdvisor_InconsUpdateViolation3,2,2,2,3,7,evoavalla,NO_VALID_SCENARIOS,NaN,0,0,0,0,null,null,null,null,null,0,0
../../../asm_examples/examples/railRoadGate/railroadGate.asm,railroadGate,1,4,0,2,7,evoavalla,OK,66394.0,1,1,1,5,1.0,0.75,NaN,1.0,1.0,2,0
../../../asm_examples/examples/simple_example/AdvancedClock.asm,AdvancedClock,2,3,0,2,8,evoavalla,OK,65747.0,1,1,0,0,0.5,0.33333334,NaN,0.25,0.375,0,0
../../../asm_examples/examples/fsmsemantics/FSM_map0.asm,FSM_map0,5,8,0,4,21,evoavalla,NO_VALID_SCENARIOS,NaN,0,0,0,0,null,null,null,null,null,0,0
../../../asm_examples/examples/simple_example/population_raff1_twoPersons.asm,population_raff1_twoPersons,3,7,1,8,20,evoavalla,NO_VALID_SCENARIOS,NaN,0,0,0,0,null,null,null,null,null,0,0
../../../asm_examples/examples/TrafficLightYakindu/TrafficLight2/TrafficLight_2.asm,TrafficLight_2,14,23,0,23,76,evoavalla,OK,68787.0,4,14,12,108,1.0,0.95652175,NaN,0.7826087,1.0,0,0
../../../asm_examples/PHD/phd_master_flat2_v6.asm,phd_master_flat2_v6,6,152,0,14,253,evoavalla,OK,78974.0,62,148,148,358,1.0,0.6513158,NaN,0.96428573,0.8577075,0,0
../../../asm_examples/examples/ermts_etcs/scenarios/ertms_hl3_scenario8.asm,ertms_hl3_scenario8,30,126,34,109,322,evoavalla,NO_VALID_SCENARIOS,NaN,0,0,0,0,null,null,null,null,null,0,0
../../../asm_examples/examples/models/wiper_abs2.asm,wiper_abs2,14,82,0,42,165,evoavalla,NO_VALID_SCENARIOS,NaN,0,0,0,0,null,null,null,null,null,0,0
../../../asm_examples/examples/RushHour/emptyCellAs0/RushHourMonSimplForAsmetaSMV.asm,RushHourMonSimplForAsmetaSMV,2,2,1,5,12,evoavalla,NO_VALID_SCENARIOS,NaN,0,0,0,0,null,null,null,null,null,0,0
../../../asm_examples/examples/petriNets/petriNetEdgeWeightNoPlaceCapacity_NoSeq_Matrix.asm,petriNetEdgeWeightNoPlaceCapacity_NoSeq_Matrix,2,1,1,2,4,evoavalla,NO_VALID_SCENARIOS,NaN,0,0,0,0,null,null,null,null,null,0,0
../../../asm_examples/examples/models/SwapSortMon.asm,SwapSortMon,3,2,0,1,6,evoavalla,NO_VALID_SCENARIOS,NaN,0,0,0,0,null,null,null,null,null,0,0
../../../asm_examples/PillBox/Level3/pillbox_FULL.asm,pillbox_FULL,9,29,1,20,69,evoavalla,NO_VALID_SCENARIOS,NaN,0,0,0,0,null,null,null,null,null,0,0
../../../asm_examples/examples/production_cell/Production_Cell_with_agents.asm,Production_Cell_with_agents,42,45,0,35,130,evoavalla,NO_VALID_SCENARIOS,NaN,0,0,0,0,null,null,null,null,null,0,0
../../../asm_examples/unibgstudents/Rubrica.asm,Rubrica,4,6,0,4,17,evoavalla,OK,66195.0,2,2,2,4,1.0,1.0,NaN,0.875,1.0,0,0
../../../asm_examples/examples/Yahalom/Yahalom.asm,Yahalom,11,29,2,20,97,evoavalla,NO_VALID_SCENARIOS,NaN,0,0,0,0,null,null,null,null,null,0,0
../../../asm_examples/examples/NeedhamSchroeder/NeedhamSchroederWithSpy.asm,NeedhamSchroederWithSpy,13,20,1,11,82,evoavalla,NO_VALID_SCENARIOS,NaN,0,0,0,0,null,null,null,null,null,0,0
../../../asm_examples/examples/filosofiEciliegie/filosofiEciliegie.asm,filosofiEciliegie,2,5,0,4,12,evoavalla,NO_VALID_SCENARIOS,NaN,0,0,0,0,null,null,null,null,null,0,0
../../../asm_examples/examples/simple_example/MorraCinese/withActors/MorraCinese_withActors_raff3.asm,MorraCinese_withActors_raff3,1,7,0,2,13,evoavalla,NO_VALID_SCENARIOS,NaN,0,0,0,0,null,null,null,null,null,0,0
../../../asm_examples/examples/sensorVotingSimpleVersion.asm,sensorVotingSimpleVersion,2,5,0,4,12,evoavalla,OK,65996.0,3,3,3,0,1.0,1.0,NaN,0.75,1.0,0,0
../../../asm_examples/DAS/TrafficMonitoringSystem/validation/mainForModelCheckingTwoCameras.asm,mainForModelCheckingTwoCameras,31,42,9,59,199,evoavalla,NO_VALID_SCENARIOS,NaN,0,0,0,0,null,null,null,null,null,0,0
../../../asm_examples/examples/simple_example/fibonacci.asm,fibonacci,3,3,0,2,9,evoavalla,NO_VALID_SCENARIOS,NaN,0,0,0,0,null,null,null,null,null,0,0
../../../asm_examples/examples/simple_example/swapSortOnSeq.asm,swapSortOnSeq,1,1,0,1,2,evoavalla,NO_VALID_SCENARIOS,NaN,0,0,0,0,null,null,null,null,null,0,0
../../../asm_examples/examples/giocoDelleTreScatole.asm,giocoDelleTreScatole,2,6,0,4,14,evoavalla,NO_VALID_SCENARIOS,NaN,0,0,0,0,null,null,null,null,null,0,0
../../../asm_examples/examples/sluicegate/sluiceGate_with_agents.asm,sluiceGate_with_agents,7,13,0,12,47,evoavalla,NO_VALID_SCENARIOS,NaN,0,0,0,0,null,null,null,null,null,0,0
../../../asm_examples/examples/darts.asm,darts,2,2,0,4,10,evoavalla,NO_VALID_SCENARIOS,NaN,0,0,0,0,null,null,null,null,null,0,0
../../../asm_examples/stereoacuity/certifierRaff5ForSMTproof.asm,certifierRaff5ForSMTproof,15,24,0,13,61,evoavalla,OK,68914.0,6,25,12,279,1.0,0.7916667,NaN,0.96153843,1.0,0,0
../../../asm_examples/examples/fsmsemantics/FSM_hooking3.asm,FSM_hooking3,3,2,1,2,8,evoavalla,NO_VALID_SCENARIOS,NaN,0,0,0,0,null,null,null,null,null,0,0
../../../asm_examples/examples/traffic_light/oneWayTrafficLightOnlyPassed.asm,oneWayTrafficLightOnlyPassed,5,12,0,5,26,evoavalla,OK,66406.0,1,4,1,25,1.0,1.0,NaN,0.9,1.0,0,1
../../../asm_examples/examples/authenticationProtocols/groundModel_v2.asm,groundModel_v2,8,14,3,12,50,evoavalla,NO_VALID_SCENARIOS,NaN,0,0,0,0,null,null,null,null,null,0,0
../../../asm_examples/examples/sultanSuccessors/sultanGreedy.asm,sultanGreedy,3,3,0,2,8,evoavalla,NO_VALID_SCENARIOS,NaN,0,0,0,0,null,null,null,null,null,0,0
../../../asm_examples/examples/diceKnuthYao.asm,diceKnuthYao,1,10,0,7,17,evoavalla,NO_VALID_SCENARIOS,NaN,0,0,0,0,null,null,null,null,null,0,0
../../../asm_examples/examples/production_cell/crane.asm,crane,7,8,1,7,24,evoavalla,NO_VALID_SCENARIOS,NaN,0,0,0,0,null,null,null,null,null,0,0
../../../asm_examples/PillBox/Level2/pillbox_2_for_RefProv.asm,pillbox_2_for_RefProv,9,40,1,30,91,evoavalla,NO_VALID_SCENARIOS,NaN,0,0,0,0,null,null,null,null,null,0,0
../../../asm_examples/stereoacuity/certifierRaff2.asm,certifierRaff2,14,18,0,10,50,atgt,OK,148.0,6,28,23,85,1.0,0.9444444,NaN,0.95,0.98,0,0
../../../asm_examples/examples/RushHour/RushHourForAsmetaSMV.asm,RushHourForAsmetaSMV,2,2,1,5,9,atgt,NO_VALID_SCENARIOS,NaN,0,0,0,0,null,null,null,null,null,0,0
../../../asm_examples/examples/GilbreathCardTrick/GilbreathCardTrick.asm,GilbreathCardTrick,5,17,2,12,45,atgt,NO_VALID_SCENARIOS,NaN,0,0,0,0,null,null,null,null,null,0,0
../../../asm_examples/examples/hemodialysisDevice/ABZ2016/Hemodialysis_ref3_par.asm,Hemodialysis_ref3_par,107,110,0,142,444,atgt,NO_VALID_SCENARIOS,NaN,0,0,0,0,null,null,null,null,null,0,0
../../../asm_examples/examples/simple_example/FLIP_FLOP_0.asm,FLIP_FLOP_0,2,2,0,1,6,atgt,NO_VALID_SCENARIOS,NaN,0,0,0,0,null,null,null,null,null,0,0
../../../asm_examples/examples/RushHour/RushHourMonForAsmetaSMV.asm,RushHourMonForAsmetaSMV,2,2,1,5,10,atgt,NO_VALID_SCENARIOS,NaN,0,0,0,0,null,null,null,null,null,0,0
../../../asm_examples/examples/battleship.asm,battleship,1,4,0,4,10,atgt,NO_VALID_SCENARIOS,NaN,0,0,0,0,null,null,null,null,null,0,0
../../../asm_examples/examples/flashProtocol/flashProtocol_N2_L1_Q1.asm,flashProtocol_N2_L1_Q1,27,91,22,91,275,atgt,NO_VALID_SCENARIOS,NaN,0,0,0,0,null,null,null,null,null,0,0
../../../asm_examples/examples/production_cell/ert.asm,ert,5,4,1,5,14,atgt,NO_VALID_SCENARIOS,NaN,0,0,0,0,null,null,null,null,null,0,0
../../../asm_examples/examples/ermts_etcs/scenarios/ertms_hl3_scenario7.asm,ertms_hl3_scenario7,24,98,31,100,274,atgt,NO_VALID_SCENARIOS,NaN,0,0,0,0,null,null,null,null,null,0,0
../../../asm_examples/examples/simpleMinesweeper.asm,simpleMinesweeper,2,3,0,3,7,atgt,NO_VALID_SCENARIOS,NaN,0,0,0,0,null,null,null,null,null,0,0
../../../asm_examples/examples/ticTacToe/ticTacToe_simulator.asm,ticTacToe_simulator,3,4,0,4,12,atgt,NO_VALID_SCENARIOS,NaN,0,0,0,0,null,null,null,null,null,0,0
../../../asm_examples/examples/fsmsemantics/Sle/ASM_even.asm,ASM_even,3,2,1,2,7,atgt,NO_VALID_SCENARIOS,NaN,0,0,0,0,null,null,null,null,null,0,0
../../../asm_examples/examples/GilbreathCardTrick/GilbreathCardTrickForAsmetaSMV.asm,GilbreathCardTrickForAsmetaSMV,5,15,2,12,41,atgt,NO_VALID_SCENARIOS,NaN,0,0,0,0,null,null,null,null,null,0,0
../../../asm_examples/examples/petriNets/forAsmetaSMV/petriNet_forNuSMV.asm,petriNet_forNuSMV,2,1,1,2,4,atgt,NO_VALID_SCENARIOS,NaN,0,0,0,0,null,null,null,null,null,0,0
../../../asm_examples/examples/hemodialysisDevice/SCP2017/HemodialysisRef1.asm,HemodialysisRef1,68,42,1,90,242,atgt,NO_VALID_SCENARIOS,NaN,0,0,0,0,null,null,null,null,null,0,0
../../../asm_examples/examples/hemodialysisDevice/ABZ2016/Hemodialysis_ref4.asm,Hemodialysis_ref4,162,188,1,245,740,atgt,NO_VALID_SCENARIOS,NaN,0,0,0,0,null,null,null,null,null,0,0
../../../asm_examples/examples/sleepingBarber/sleepingBarber.asm,sleepingBarber,3,4,0,6,13,atgt,NO_VALID_SCENARIOS,NaN,0,0,0,0,null,null,null,null,null,0,0
../../../asm_examples/examples/fsmsemantics/FSM_hooking2.asm,FSM_hooking2,3,2,0,1,7,atgt,NO_VALID_SCENARIOS,NaN,0,0,0,0,null,null,null,null,null,0,0
../../../asm_examples/examples/sluicegate/Timer/sluiceGateMotorCtl.asm,sluiceGateMotorCtl,4,9,0,8,30,atgt,NO_VALID_SCENARIOS,NaN,0,0,0,0,null,null,null,null,null,0,0
../../../asm_examples/examples/simple_example/ExtendRule1.asm,ExtendRule1,1,0,0,0,2,atgt,NO_VALID_SCENARIOS,NaN,0,0,0,0,null,null,null,null,null,0,0
../../../asm_examples/examples/dice/diceWithProbability.asm,diceWithProbability,2,4,0,3,10,atgt,NO_VALID_SCENARIOS,NaN,0,0,0,0,null,null,null,null,null,0,0
../../../asm_examples/examples/sluicegate/Timer/sluiceGateMotorCtl2.asm,sluiceGateMotorCtl2,4,9,0,8,30,atgt,NO_VALID_SCENARIOS,NaN,0,0,0,0,null,null,null,null,null,0,0
../../../asm_examples/examples/conwayGameOfLife/gameOfLifeAgents.asm,gameOfLifeAgents,2,2,1,4,6,atgt,NO_VALID_SCENARIOS,NaN,0,0,0,0,null,null,null,null,null,0,0
../../../asm_examples/examples/filosofiEciliegie/filosofiEciliegieAgentsJustLeft.asm,filosofiEciliegieAgentsJustLeft,2,3,0,3,7,atgt,NO_VALID_SCENARIOS,NaN,0,0,0,0,null,null,null,null,null,0,0
../../../asm_examples/examples/production_cell/TRANSPORTBELT.asm,TRANSPORTBELT,5,6,1,5,17,atgt,NO_VALID_SCENARIOS,NaN,0,0,0,0,null,null,null,null,null,0,0
../../../asm_examples/examples/models/ordersystem.asm,ordersystem,7,6,5,13,35,atgt,NO_VALID_SCENARIOS,NaN,0,0,0,0,null,null,null,null,null,0,0
../../../asm_examples/DAS/TrafficMonitoringSystem/validation/mainForModelChecking.asm,mainForModelChecking,31,44,10,62,206,atgt,NO_VALID_SCENARIOS,NaN,0,0,0,0,null,null,null,null,null,0,0
../../../asm_examples/stereoacuity/certifierRaff4ForSMTproof.asm,certifierRaff4ForSMTproof,15,21,0,14,59,atgt,NO_VALID_SCENARIOS,NaN,0,0,0,0,null,null,null,null,null,0,0
../../../asm_examples/examples/ermts_etcs/models/ertms_hl3_integer_disco_lostint_lengthchanged_reco.asm,ertms_hl3_integer_disco_lostint_lengthchanged_reco,21,72,20,58,185,atgt,NO_VALID_SCENARIOS,NaN,0,0,0,0,null,null,null,null,null,0,0
../../../asm_examples/examples/ermts_etcs/models/ertms_hl3_integer_disco_lostint_lengthchanged_reco_sweep_timer.asm,ertms_hl3_integer_disco_lostint_lengthchanged_reco_sweep_timer,29,118,28,101,301,atgt,NO_VALID_SCENARIOS,NaN,0,0,0,0,null,null,null,null,null,0,0
../../../asm_examples/examples/simple_example/MorraCinese/MorraCinese_raff3.asm,MorraCinese_raff3,1,9,0,3,16,atgt,NO_VALID_SCENARIOS,NaN,0,0,0,0,null,null,null,null,null,0,0
../../../asm_examples/stereoacuity/certifierRaff4_noundef.asm,certifierRaff4_noundef,15,21,0,14,59,atgt,NO_VALID_SCENARIOS,NaN,0,0,0,0,null,null,null,null,null,0,0
../../../asm_examples/examples/filosofiEciliegie/filosofiEciliegieAgents.asm,filosofiEciliegieAgents,2,5,0,4,11,atgt,NO_VALID_SCENARIOS,NaN,0,0,0,0,null,null,null,null,null,0,0
../../../asm_examples/examples/traffic_light/Timer/oneWayTrafficLight_refinedSec.asm,oneWayTrafficLight_refinedSec,8,9,1,11,44,atgt,NO_VALID_SCENARIOS,NaN,0,0,0,0,null,null,null,null,null,0,0
../../../asm_examples/examples/models/LIFTDC.asm,LIFTDC,8,4,1,4,22,atgt,NO_VALID_SCENARIOS,NaN,0,0,0,0,null,null,null,null,null,0,0
../../../asm_examples/examples/NeedhamSchroeder/NeedhamSchroederLowe.asm,NeedhamSchroederLowe,8,16,1,8,55,atgt,NO_VALID_SCENARIOS,NaN,0,0,0,0,null,null,null,null,null,0,0
../../../asm_examples/examples/hemodialysisDevice/ABZ2016/Hemodialysis_ref1_par.asm,Hemodialysis_ref1_par,62,50,0,80,240,atgt,NO_VALID_SCENARIOS,NaN,0,0,0,0,null,null,null,null,null,0,0
../../../asm_examples/examples/models/ordersystem_april2010.asm,ordersystem_april2010,7,6,5,14,36,atgt,NO_VALID_SCENARIOS,NaN,0,0,0,0,null,null,null,null,null,0,0
../../../asm_examples/examples/tombola.asm,tombola,1,3,0,4,8,atgt,NO_VALID_SCENARIOS,NaN,0,0,0,0,null,null,null,null,null,0,0
../../../asm_examples/examples/traffic_light/forAsmetaSMV/oneWayTrafficLight_refined.asm,oneWayTrafficLight_refined,9,13,1,15,50,atgt,NO_VALID_SCENARIOS,NaN,0,0,0,0,null,null,null,null,null,0,0
../../../asm_examples/examples_for_nuXmv/provaint.asm,provaint,1,1,0,0,1,atgt,OK,14.0,1,2,0,2,1.0,1.0,NaN,NaN,1.0,0,0
../../../asm_examples/examples/traffic_light/oneWayTrafficLightUsingEnum.asm,oneWayTrafficLightUsingEnum,5,12,0,8,29,atgt,OK,234.0,10,38,38,128,1.0,1.0,NaN,1.0,1.0,0,0
../../../asm_examples/erinda/FMS_IO_2.asm,FMS_IO_2,5,45,0,4,58,atgt,NO_VALID_SCENARIOS,NaN,0,0,0,0,null,null,null,null,null,0,0
../../../asm_examples/PillBox/Level1/pillbox_1.asm,pillbox_1,9,30,0,19,69,atgt,OK,2487.0,18,30,28,134,0.8888889,0.8666667,NaN,0.8947368,0.9130435,0,0
../../../asm_examples/RTPatternLibrary/Test/Test_Sem_Async.asm,Test_Sem_Async,2,2,1,6,16,atgt,NO_VALID_SCENARIOS,NaN,0,0,0,0,null,null,null,null,null,0,0
../../../asm_examples/examples/traffic_light/oneWayTrafficLight_refined_with_agents_seq.asm,oneWayTrafficLight_refined_with_agents_seq,11,8,1,11,42,atgt,NO_VALID_SCENARIOS,NaN,0,0,0,0,null,null,null,null,null,0,0
../../../asm_examples/examples/petriNets/petriNetEdgeWeightNoPlaceCapacity_NoSeq_Matrix_v3.asm,petriNetEdgeWeightNoPlaceCapacity_NoSeq_Matrix_v3,2,1,1,2,4,atgt,NO_VALID_SCENARIOS,NaN,0,0,0,0,null,null,null,null,null,0,0
../../../asm_examples/examples/ermts_etcs/scenarios/ertms_hl3_scenario6.asm,ertms_hl3_scenario6,25,98,28,85,252,atgt,NO_VALID_SCENARIOS,NaN,0,0,0,0,null,null,null,null,null,0,0
../../../asm_examples/examples/dice/diceNoProbability.asm,diceNoProbability,2,4,0,3,10,atgt,NO_VALID_SCENARIOS,NaN,0,0,0,0,null,null,null,null,null,0,0
../../../asm_examples/examples/ermts_etcs/scenarios/ertms_hl3_scenario5.asm,ertms_hl3_scenario5,30,126,34,108,321,atgt,NO_VALID_SCENARIOS,NaN,0,0,0,0,null,null,null,null,null,0,0
../../../asm_examples/examples/traffic_light/forAsmetaSMV/oneWayTrafficLight_refined_with_agents.asm,oneWayTrafficLight_refined_with_agents,14,12,1,15,60,atgt,NO_VALID_SCENARIOS,NaN,0,0,0,0,null,null,null,null,null,0,0
../../../asm_examples/examples/fsmsemantics/FSM_hooking.asm,FSM_hooking,3,2,0,1,7,atgt,NO_VALID_SCENARIOS,NaN,0,0,0,0,null,null,null,null,null,0,0
../../../asm_examples/PillBox/Level2/pillbox_2.asm,pillbox_2,9,40,1,30,91,atgt,NO_VALID_SCENARIOS,NaN,0,0,0,0,null,null,null,null,null,0,0
../../../asm_examples/examples/whatTimeIsIt.asm,whatTimeIsIt,1,1,0,0,1,atgt,NO_VALID_SCENARIOS,NaN,0,0,0,0,null,null,null,null,null,0,0
../../../asm_examples/stereoacuity/certifierRaff3.asm,certifierRaff3,14,20,0,11,53,atgt,OK,182.0,7,39,34,118,1.0,0.95,NaN,0.95454544,0.9811321,0,0
../../../asm_examples/PHD/phd_master_flat2_v3.asm,phd_master_flat2_v3,66,148,0,69,348,atgt,OK,4775.0,101,308,308,689,1.0,0.7905405,NaN,0.98550725,1.0,0,0
../../../asm_examples/DAS/TrafficMonitoringSystem/validation/mainForModelCheckingThreeCameras.asm,mainForModelCheckingThreeCameras,31,42,9,59,199,atgt,NO_VALID_SCENARIOS,NaN,0,0,0,0,null,null,null,null,null,0,0
../../../asm_examples/examples/RushHour/emptyCellAs0/RushHourMonForAsmetaSMV.asm,RushHourMonForAsmetaSMV,2,2,1,5,12,atgt,NO_VALID_SCENARIOS,NaN,0,0,0,0,null,null,null,null,null,0,0
../../../asm_examples/PillBox/Level0/pillbox_0.asm,pillbox_0,9,18,0,15,53,atgt,OK,205.0,9,35,89,79,1.0,1.0,NaN,1.0,1.0,0,0
../../../asm_examples/PHD/phd_master_flat2_v7.asm,phd_master_flat2_v7,7,184,0,18,307,atgt,OK,7555.0,138,523,562,789,1.0,0.79347825,NaN,1.0,0.990228,0,0
../../../asm_examples/examples/models/SIS.asm,SIS,10,14,0,11,36,atgt,OK,450.0,7,27,81,86,0.9,0.85714287,NaN,0.90909094,0.9444444,0,0
../../../asm_examples/examples/RushHour/emptyCellAs0/RushHourMon.asm,RushHourMon,2,2,1,5,9,atgt,NO_VALID_SCENARIOS,NaN,0,0,0,0,null,null,null,null,null,0,0
../../../asm_examples/DAS/TrafficMonitoringSystem/validation/mainForModelCheckingR1.asm,mainForModelCheckingR1,31,44,10,61,205,atgt,NO_VALID_SCENARIOS,NaN,0,0,0,0,null,null,null,null,null,0,0
../../../asm_examples/examples/ermts_etcs/models/ertms_hl3_integer_disco_lostint_lengthchanged_reco_sweep.asm,ertms_hl3_integer_disco_lostint_lengthchanged_reco_sweep,22,79,20,61,198,atgt,NO_VALID_SCENARIOS,NaN,0,0,0,0,null,null,null,null,null,0,0
../../../asm_examples/examples/slotMachine.asm,slotMachine,2,4,0,3,10,atgt,NO_VALID_SCENARIOS,NaN,0,0,0,0,null,null,null,null,null,0,0
../../../asm_examples/examples/cards.asm,cards,2,3,1,3,9,atgt,NO_VALID_SCENARIOS,NaN,0,0,0,0,null,null,null,null,null,0,0
../../../asm_examples/examples/philosophers/philosophers1.asm,philosophers1,4,6,0,5,16,atgt,NO_VALID_SCENARIOS,NaN,0,0,0,0,null,null,null,null,null,0,0
../../../asm_examples/stereoacuity/certifier_nochoose.asm,certifier_nochoose,16,24,0,15,66,atgt,OK,1652.0,5,25,44,95,1.0,0.875,NaN,0.93333334,0.90909094,18,0
../../../asm_examples/examples/ABZ2020/CarSystemModule/CarSystem007/CarSystem007main.asm,CarSystem007main,2,2,0,0,11,atgt,NO_VALID_SCENARIOS,NaN,0,0,0,0,null,null,null,null,null,0,0
../../../asm_examples/DAS/TrafficMonitoringSystem/main.asm,main,2,0,1,1,2,atgt,NO_VALID_SCENARIOS,NaN,0,0,0,0,null,null,null,null,null,0,0
../../../asm_examples/examples/carController.asm,carController,1,5,0,2,7,atgt,OK,40.0,3,12,23,9,1.0,1.0,NaN,1.0,1.0,0,0
../../../asm_examples/examples/simple_example/MorraCinese/MorraCinese_raff2.asm,MorraCinese_raff2,1,8,0,2,14,atgt,NO_VALID_SCENARIOS,NaN,0,0,0,0,null,null,null,null,null,0,0
../../../asm_examples/examples/TrafficLightYakindu/TrafficLight0/TrafficLight_0.asm,TrafficLight_0,7,10,0,7,33,atgt,OK,65.0,3,13,13,30,1.0,1.0,NaN,1.0,1.0,0,0
../../../asm_examples/examples/trafficLightCoSim/trafficlightB.asm,trafficlightB,2,5,0,6,14,atgt,OK,60.0,4,13,16,0,1.0,1.0,NaN,1.0,1.0,0,0
../../../asm_examples/examples/models/lift3.asm,lift3,8,7,0,6,30,atgt,NO_VALID_SCENARIOS,NaN,0,0,0,0,null,null,null,null,null,0,0
../../../asm_examples/stereoacuity/certifierRaff4.asm,certifierRaff4,15,21,0,13,58,atgt,NO_VALID_SCENARIOS,NaN,0,0,0,0,null,null,null,null,null,0,0
../../../asm_examples/examples/TrafficLightYakindu/TrafficLight1/TrafficLight_1.asm,TrafficLight_1,11,17,0,15,56,atgt,OK,189.0,8,33,38,81,1.0,1.0,NaN,0.93333334,1.0,0,0
../../../asm_examples/examples/RushHour/RushHourMon.asm,RushHourMon,2,2,1,5,9,atgt,NO_VALID_SCENARIOS,NaN,0,0,0,0,null,null,null,null,null,0,0
../../../asm_examples/examples/fsmsemantics/FSM_map0_2.asm,FSM_map0_2,5,8,0,4,21,atgt,OK,102.0,7,19,19,11,1.0,0.75,NaN,1.0,1.0,0,0
../../../asm_examples/examples/library/Library.asm,Library,3,7,0,6,21,atgt,NO_VALID_SCENARIOS,NaN,0,0,0,0,null,null,null,null,null,0,0
../../../asm_examples/DAS/TrafficMonitoringSystem/mainUnique.asm,mainUnique,31,44,11,62,175,atgt,NO_VALID_SCENARIOS,NaN,0,0,0,0,null,null,null,null,null,0,0
../../../asm_examples/examples/ermts_etcs/scenarios/ertms_hl3_scenario1.asm,ertms_hl3_scenario1,29,116,27,98,295,atgt,NO_VALID_SCENARIOS,NaN,0,0,0,0,null,null,null,null,null,0,0
../../../asm_examples/examples/simple_example/MorraCinese/withActors/MorraCinese_withActors_raff1.asm,MorraCinese_withActors_raff1,1,6,0,1,10,atgt,NO_VALID_SCENARIOS,NaN,0,0,0,0,null,null,null,null,null,0,0
../../../asm_examples/examples/flashProtocol/flashProtocol_N2_L1_Q1_C.asm,flashProtocol_N2_L1_Q1_C,27,91,22,92,276,atgt,NO_VALID_SCENARIOS,NaN,0,0,0,0,null,null,null,null,null,0,0
../../../asm_examples/RTPatternLibrary/Application/Test_SB.asm,Test_SB,3,1,0,2,23,atgt,NO_VALID_SCENARIOS,NaN,0,0,0,0,null,null,null,null,null,0,0
../../../asm_examples/examples/landingGearSystem/LGS_GM_withError.asm,LGS_GM_withError,4,15,0,3,22,atgt,OK,332.0,12,77,77,77,1.0,1.0,NaN,1.0,1.0,0,0
../../../asm_examples/examples/simple_example/iterativeWhile.asm,iterativeWhile,null,null,null,null,null,atgt,MODEL_DATA_ERR,NaN,0,null,null,null,null,null,null,null,null,0,0
../../../asm_examples/DAS/TrafficMonitoringSystem/journal/trafficMonitoringForExperiments.asm,trafficMonitoringForExperiments,43,40,14,67,217,atgt,NO_VALID_SCENARIOS,NaN,0,0,0,0,null,null,null,null,null,0,0
../../../asm_examples/examples/hemodialysisDevice/SCP2017/HemodialysisGround.asm,HemodialysisGround,5,2,0,3,11,atgt,OK,31.0,2,5,0,5,1.0,1.0,NaN,1.0,1.0,0,0
../../../asm_examples/examples/petriNets/petriNetNoEdgeWeightNoPlaceCapacity_NoSeq_Matrix.asm,petriNetNoEdgeWeightNoPlaceCapacity_NoSeq_Matrix,2,2,2,3,7,atgt,NO_VALID_SCENARIOS,NaN,0,0,0,0,null,null,null,null,null,0,0
../../../asm_examples/examples/authenticationProtocols/groundModel.asm,groundModel,8,14,3,11,50,atgt,NO_VALID_SCENARIOS,NaN,0,0,0,0,null,null,null,null,null,0,0
../../../asm_examples/examples/traffic_light/oneWayTrafficLight_refined.asm,oneWayTrafficLight_refined,13,12,1,15,60,atgt,NO_VALID_SCENARIOS,NaN,0,0,0,0,null,null,null,null,null,0,0
../../../asm_examples/PHD/phd_master_flat2_v0.asm,phd_master_flat2_v0,27,52,0,26,131,atgt,OK,923.0,33,95,95,156,1.0,0.78846157,NaN,1.0,1.0,0,0
../../../asm_examples/examples/GilbreathCardTrick/workingButNotElegant/GilbreathCardTrickWithAuxFunctionSimpleForAsmetaSMV.asm,GilbreathCardTrickWithAuxFunctionSimpleForAsmetaSMV,4,13,2,9,33,atgt,NO_VALID_SCENARIOS,NaN,0,0,0,0,null,null,null,null,null,0,0
../../../asm_examples/examples/sluicegate/sluiceGateGround.asm,sluiceGateGround,3,2,0,4,13,atgt,NO_VALID_SCENARIOS,NaN,0,0,0,0,null,null,null,null,null,0,0
../../../asm_examples/erinda/for_atgt.asm,for_atgt,5,23,0,13,52,atgt,OK,75867.0,12,184,273,381,1.0,1.0,NaN,1.0,1.0,0,0
../../../asm_examples/examples/traffic_light/oneWayTrafficLight.asm,oneWayTrafficLight,10,5,0,8,38,atgt,NO_VALID_SCENARIOS,NaN,0,0,0,0,null,null,null,null,null,0,0
../../../asm_examples/examples/flashProtocol/flashProtocol_N2_L2_Q1.asm,flashProtocol_N2_L2_Q1,27,91,23,96,286,atgt,NO_VALID_SCENARIOS,NaN,0,0,0,0,null,null,null,null,null,0,0
../../../asm_examples/examples_for_nuXmv/EuclideInt.asm,EuclideInt,1,2,0,2,4,atgt,OK,378.0,3,7,0,9,1.0,0.5,NaN,0.75,0.75,0,0
../../../asm_examples/examples/ABZ2020/CarSystemModule/CarSystem005/CarSystem005main.asm,CarSystem005main,2,2,0,0,7,atgt,NO_VALID_SCENARIOS,NaN,0,0,0,0,null,null,null,null,null,0,0
../../../asm_examples/examples/simple_example/AdvancedClockDeciSecond.asm,AdvancedClockDeciSecond,2,4,0,3,11,atgt,OK,388596.0,2,36003,0,39670,1.0,1.0,NaN,1.0,1.0,0,0
../../../asm_examples/examples/landingGearSystem/LGS_EV_v2.asm,LGS_EV_v2,4,38,0,3,60,atgt,OK,425.0,12,75,75,284,1.0,1.0,NaN,1.0,1.0,0,0
../../../asm_examples/examples/models/OrderSystem2.asm,OrderSystem2,6,7,3,4,22,atgt,NO_VALID_SCENARIOS,NaN,0,0,0,0,null,null,null,null,null,0,0
../../../asm_examples/examples/conwayGameOfLife/gameOfLife.asm,gameOfLife,2,2,1,4,7,atgt,NO_VALID_SCENARIOS,NaN,0,0,0,0,null,null,null,null,null,0,0
../../../asm_examples/DAS/TrafficMonitoringSystem/validation/mainForModelCheckingR4.asm,mainForModelCheckingR4,31,42,9,59,199,atgt,NO_VALID_SCENARIOS,NaN,0,0,0,0,null,null,null,null,null,0,0
../../../asm_examples/examples/ABZ2020/CarSystemModule/CarSystem001/CarSystem001main.asm,CarSystem001main,1,0,0,0,1,atgt,NO_VALID_SCENARIOS,NaN,0,0,0,0,null,null,null,null,null,0,0
../../../asm_examples/examples/ermts_etcs/scenarios/ertms_hl3_scenario9.asm,ertms_hl3_scenario9,30,105,35,101,290,atgt,NO_VALID_SCENARIOS,NaN,0,0,0,0,null,null,null,null,null,0,0
../../../asm_examples/examples/GilbreathCardTrick/GilbreathCardTrickFasterShuffleForAsmetaSMV.asm,GilbreathCardTrickFasterShuffleForAsmetaSMV,5,15,2,13,42,atgt,NO_VALID_SCENARIOS,NaN,0,0,0,0,null,null,null,null,null,0,0
../../../asm_examples/examples/ABZ2020/CarSystemModule/CarSystem004/CarSystem004main.asm,CarSystem004main,2,2,0,0,11,atgt,NO_VALID_SCENARIOS,NaN,0,0,0,0,null,null,null,null,null,0,0
../../../asm_examples/examples/hemodialysisDevice/ABZ2016/Hemodialysis_ref4_forMC.asm,Hemodialysis_ref4_forMC,154,169,1,217,629,atgt,NO_VALID_SCENARIOS,NaN,0,0,0,0,null,null,null,null,null,0,0
../../../asm_examples/examples/traffic_light/oneWayTrafficLight_refined_with_agents.asm,oneWayTrafficLight_refined_with_agents,14,12,1,15,60,atgt,NO_VALID_SCENARIOS,NaN,0,0,0,0,null,null,null,null,null,0,0
../../../asm_examples/examples/simple_example/ATM3.asm,ATM3,10,33,0,23,82,atgt,NO_VALID_SCENARIOS,NaN,0,0,0,0,null,null,null,null,null,0,0
../../../asm_examples/examples/ABZ2020/CarSystemModule/CarSystem009/CarSystem009main.asm,CarSystem009main,2,4,0,0,19,atgt,NO_VALID_SCENARIOS,NaN,0,0,0,0,null,null,null,null,null,0,0
../../../asm_examples/examples/trafficLightCoSim/controller.asm,controller,2,11,0,17,45,atgt,NO_VALID_SCENARIOS,NaN,0,0,0,0,null,null,null,null,null,0,0
../../../asm_examples/erinda/FMS_IO.asm,FMS_IO,5,167,0,13,197,atgt,NO_VALID_SCENARIOS,NaN,0,0,0,0,null,null,null,null,null,0,0
../../../asm_examples/examples/petriNets/petriNetNoEdgeWeightNoPlaceCapacity_NoSeq.asm,petriNetNoEdgeWeightNoPlaceCapacity_NoSeq,2,2,2,3,7,atgt,NO_VALID_SCENARIOS,NaN,0,0,0,0,null,null,null,null,null,0,0
../../../asm_examples/examples/simple_example/MorraCinese/MorraCinese.asm,MorraCinese,1,4,0,1,6,atgt,NO_VALID_SCENARIOS,NaN,0,0,0,0,null,null,null,null,null,0,0
../../../asm_examples/examples/traffic_light/oneWayTrafficLight2.asm,oneWayTrafficLight2,8,5,0,8,30,atgt,NO_VALID_SCENARIOS,NaN,0,0,0,0,null,null,null,null,null,0,0
../../../asm_examples/systemc/counter/main.asm,main,1,0,0,0,1,atgt,NO_VALID_SCENARIOS,NaN,0,0,0,0,null,null,null,null,null,0,0
../../../asm_examples/examples/petriNets/petriNetEdgeWeightNoPlaceCapacity_NoSeq_Matrix_Murata17a.asm,petriNetEdgeWeightNoPlaceCapacity_NoSeq_Matrix_Murata17a,2,1,1,2,4,atgt,NO_VALID_SCENARIOS,NaN,0,0,0,0,null,null,null,null,null,0,0
../../../asm_examples/examples/landingGearSystem/LGS_SE.asm,LGS_SE,4,38,0,9,66,atgt,OK,766.0,19,119,166,426,1.0,1.0,NaN,1.0,1.0,0,0
../../../asm_examples/examples/filosofiEciliegie/filosofiEciliegieJustLeft.asm,filosofiEciliegieJustLeft,2,3,0,3,8,atgt,NO_VALID_SCENARIOS,NaN,0,0,0,0,null,null,null,null,null,0,0
../../../asm_examples/examples/traffic_light/oneWayTrafficLight_inline.asm,oneWayTrafficLight_inline,6,5,0,8,34,atgt,NO_VALID_SCENARIOS,NaN,0,0,0,0,null,null,null,null,null,0,0
../../../asm_examples/examples/simple_example/MorraCinese/MorraCineseWithAgents.asm,MorraCineseWithAgents,2,4,0,1,7,atgt,NO_VALID_SCENARIOS,NaN,0,0,0,0,null,null,null,null,null,0,0
../../../asm_examples/DAS/TrafficMonitoringSystem/journal/trafficMonitoring.asm,trafficMonitoring,43,40,14,67,217,atgt,NO_VALID_SCENARIOS,NaN,0,0,0,0,null,null,null,null,null,0,0
../../../asm_examples/PillBox/Level1/pillbox_1_for_RefProv.asm,pillbox_1_for_RefProv,9,30,0,19,69,atgt,OK,1790.0,15,43,41,220,1.0,1.0,NaN,0.94736844,1.0,0,0
../../../asm_examples/PHD/phd_master_flat2_v2.asm,phd_master_flat2_v2,64,144,0,67,338,atgt,OK,4598.0,97,302,302,677,1.0,0.7986111,NaN,0.98507464,1.0,0,0
../../../asm_examples/examples/ermts_etcs/models/ertms_hl3_integer_disconnected_train.asm,ertms_hl3_integer_disconnected_train,15,54,16,42,134,atgt,NO_VALID_SCENARIOS,NaN,0,0,0,0,null,null,null,null,null,0,0
../../../asm_examples/examples/simple_example/AdvancedClock2.asm,AdvancedClock2,2,3,0,3,9,atgt,OK,19.0,1,11,11,16,1.0,1.0,NaN,1.0,1.0,0,0
../../../asm_examples/examples/smartHome/smartHome.asm,smartHome,24,25,0,34,95,atgt,NO_VALID_SCENARIOS,NaN,0,0,0,0,null,null,null,null,null,0,0
../../../asm_examples/RTPatternLibrary/Test/Test_Sem_Sync.asm,Test_Sem_Sync,2,2,1,9,21,atgt,NO_VALID_SCENARIOS,NaN,0,0,0,0,null,null,null,null,null,0,0
../../../asm_examples/examples/fsmsemantics/meta_hooking/FSM_spec0.asm,FSM_spec0,3,2,0,1,7,atgt,NO_VALID_SCENARIOS,NaN,0,0,0,0,null,null,null,null,null,0,0
../../../asm_examples/stereoacuity/certifierRaff1.asm,certifierRaff1,13,15,0,9,43,atgt,OK,102.0,5,19,14,57,1.0,0.93333334,NaN,0.9444444,0.9767442,0,0
../../../asm_examples/examples/petriNets/petriNetEdgeWeightNoPlaceCapacity_NoSeq_Matrix_v2.asm,petriNetEdgeWeightNoPlaceCapacity_NoSeq_Matrix_v2,2,1,1,2,4,atgt,NO_VALID_SCENARIOS,NaN,0,0,0,0,null,null,null,null,null,0,0
../../../asm_examples/examples/hemodialysisDevice/SCP2017/HemodialysisRef3.asm,HemodialysisRef3,159,146,1,229,648,atgt,NO_VALID_SCENARIOS,NaN,0,0,0,0,null,null,null,null,null,0,0
../../../asm_examples/examples/traffic_light/Timer/oneWayTrafficLight.asm,oneWayTrafficLight,5,4,0,4,13,atgt,OK,92.0,5,19,38,15,1.0,1.0,NaN,1.0,1.0,0,0
../../../asm_examples/examples/petriNets/forModelAdvisor/petriNet_forModelAdvisor_InconsUpdateViolation.asm,petriNet_forModelAdvisor_InconsUpdateViolation,2,2,2,3,7,atgt,NO_VALID_SCENARIOS,NaN,0,0,0,0,null,null,null,null,null,0,0
../../../asm_examples/PillBox/Level3/pillbox_FULL_elia.asm,pillbox_FULL_elia,7,19,1,10,43,atgt,NO_VALID_SCENARIOS,NaN,0,0,0,0,null,null,null,null,null,0,0
../../../asm_examples/SystemCUMLProfile_metahooking/main.asm,main,1,0,0,0,1,atgt,NO_VALID_SCENARIOS,NaN,0,0,0,0,null,null,null,null,null,0,0
../../../asm_examples/examples/production_cell/press.asm,press,7,6,1,7,20,atgt,NO_VALID_SCENARIOS,NaN,0,0,0,0,null,null,null,null,null,0,0
../../../asm_examples/systemc/counter2/main.asm,main,1,0,0,0,1,atgt,NO_VALID_SCENARIOS,NaN,0,0,0,0,null,null,null,null,null,0,0
../../../asm_examples/examples/ABZ2020/CarSystemModule/CarSystem006/CarSystem006main.asm,CarSystem006main,2,2,0,0,9,atgt,NO_VALID_SCENARIOS,NaN,0,0,0,0,null,null,null,null,null,0,0
../../../asm_examples/examples/philosophers/philosophers2.asm,philosophers2,4,6,1,5,16,atgt,NO_VALID_SCENARIOS,NaN,0,0,0,0,null,null,null,null,null,0,0
../../../asm_examples/examples/models/lift2.asm,lift2,8,7,0,6,29,atgt,NO_VALID_SCENARIOS,NaN,0,0,0,0,null,null,null,null,null,0,0
../../../asm_examples/unibgstudents/RegistroDiCassa.asm,RegistroDiCassa,8,23,0,12,58,atgt,NO_VALID_SCENARIOS,NaN,0,0,0,0,null,null,null,null,null,0,0
../../../asm_examples/DAS/TrafficMonitoringSystem/validation/mainForModelCheckingNoSelfHealer.asm,mainForModelCheckingNoSelfHealer,24,30,6,38,147,atgt,NO_VALID_SCENARIOS,NaN,0,0,0,0,null,null,null,null,null,0,0
../../../asm_examples/examples/agents/processesSchedulerShortestJobNext.asm,processesSchedulerShortestJobNext,4,7,1,8,21,atgt,NO_VALID_SCENARIOS,NaN,0,0,0,0,null,null,null,null,null,0,0
../../../asm_examples/examples/production_cell/DEPOSITBELT.asm,DEPOSITBELT,4,5,1,4,14,atgt,NO_VALID_SCENARIOS,NaN,0,0,0,0,null,null,null,null,null,0,0
../../../asm_examples/examples/petriNets/forAsmetaSMV/petriNet_forNuSMV_notLive_bound1_deadlockFree.asm,petriNet_forNuSMV_notLive_bound1_deadlockFree,2,1,1,2,4,atgt,NO_VALID_SCENARIOS,NaN,0,0,0,0,null,null,null,null,null,0,0
../../../asm_examples/examples/TrafficLightYakindu/TrafficLight3/TrafficLight_3.asm,TrafficLight_3,14,35,0,23,88,atgt,OK,428.0,13,60,76,221,1.0,1.0,NaN,0.9130435,1.0,0,0
../../../asm_examples/examples/ermts_etcs/models/integer_train.asm,integer_train,7,17,4,13,44,atgt,NO_VALID_SCENARIOS,NaN,0,0,0,0,null,null,null,null,null,0,0
../../../asm_examples/examples/simple_example/SwapSort.asm,SwapSort,3,2,0,1,6,atgt,NO_VALID_SCENARIOS,NaN,0,0,0,0,null,null,null,null,null,0,0
../../../asm_examples/examples/ticTacToe/ticTacToe_simulator_with_inv.asm,ticTacToe_simulator_with_inv,3,4,0,4,12,atgt,NO_VALID_SCENARIOS,NaN,0,0,0,0,null,null,null,null,null,0,0
../../../asm_examples/examples/ferryman/ferrymanSimulator.asm,ferrymanSimulator,3,4,0,2,9,atgt,NO_VALID_SCENARIOS,NaN,0,0,0,0,null,null,null,null,null,0,0
../../../asm_examples/examples/TrafficLightYakindu/TrafficLight_NOREF/TrafficLight_4.asm,TrafficLight_4,10,25,0,18,80,atgt,OK,229.0,4,23,69,90,1.0,0.92,NaN,0.8055556,0.975,0,0
../../../asm_examples/examples/flashProtocol/flashProtocol_N2_L2_Q1_C.asm,flashProtocol_N2_L2_Q1_C,27,91,23,97,287,atgt,NO_VALID_SCENARIOS,NaN,0,0,0,0,null,null,null,null,null,0,0
../../../asm_examples/examples/simple_example/while.asm,while,5,4,0,5,17,atgt,NO_VALID_SCENARIOS,NaN,0,0,0,0,null,null,null,null,null,0,0
../../../asm_examples/unibgstudents/Contatore_U_DA_H.asm,Contatore_U_DA_H,5,4,0,4,15,atgt,NO_VALID_SCENARIOS,NaN,0,0,0,0,null,null,null,null,null,0,0
../../../asm_examples/examples/roulette/roulette.asm,roulette,4,4,0,4,14,atgt,NO_VALID_SCENARIOS,NaN,0,0,0,0,null,null,null,null,null,0,0
../../../asm_examples/stereoacuity/modelReview/certifierGroundWrongGuard.asm,certifierGroundWrongGuard,12,12,0,8,37,atgt,NO_VALID_SCENARIOS,NaN,0,0,0,0,null,null,null,null,null,0,0
../../../asm_examples/DAS/TrafficMonitoringSystem/validation/mainForModelCheckingR2.asm,mainForModelCheckingR2,31,42,9,59,199,atgt,NO_VALID_SCENARIOS,NaN,0,0,0,0,null,null,null,null,null,0,0
../../../asm_examples/examples/coffeeVendingMachine/coffeeVendingMachine.asm,coffeeVendingMachine,2,2,0,4,9,atgt,NO_VALID_SCENARIOS,NaN,0,0,0,0,null,null,null,null,null,0,0
../../../asm_examples/examples/agents/producerConsumerGround.asm,producerConsumerGround,7,5,0,2,18,atgt,NO_VALID_SCENARIOS,NaN,0,0,0,0,null,null,null,null,null,0,0
../../../asm_examples/examples/simple_example/MorraCinese/withActors/MorraCinese_withActors_raff2.asm,MorraCinese_withActors_raff2,1,7,0,2,13,atgt,NO_VALID_SCENARIOS,NaN,0,0,0,0,null,null,null,null,null,0,0
../../../asm_examples/examples/NeedhamSchroeder/NeedhamSchroederLoweWithSpy.asm,NeedhamSchroederLoweWithSpy,13,20,1,11,81,atgt,NO_VALID_SCENARIOS,NaN,0,0,0,0,null,null,null,null,null,0,0
../../../asm_examples/systemc/orgate/main.asm,main,1,0,0,0,1,atgt,NO_VALID_SCENARIOS,NaN,0,0,0,0,null,null,null,null,null,0,0
../../../asm_examples/examples/traffic_light/oneWayTrafficLightOnlyPassedFlat.asm,oneWayTrafficLightOnlyPassedFlat,5,12,0,5,26,atgt,OK,181.0,9,39,39,108,1.0,1.0,NaN,1.0,1.0,0,0
../../../asm_examples/examples/fsmsemantics/meta_hooking/FSM_spec.asm,FSM_spec,3,2,0,1,7,atgt,NO_VALID_SCENARIOS,NaN,0,0,0,0,null,null,null,null,null,0,0
../../../asm_examples/examples/hemodialysisDevice/ABZ2016/Hemodialysis_ref3_forMC.asm,Hemodialysis_ref3_forMC,102,111,0,127,381,atgt,NO_VALID_SCENARIOS,NaN,0,0,0,0,null,null,null,null,null,0,0
../../../asm_examples/examples/agents/populationAgent.asm,populationAgent,4,7,1,8,20,atgt,NO_VALID_SCENARIOS,NaN,0,0,0,0,null,null,null,null,null,0,0
../../../asm_examples/examples/petriNets/forAsmetaSMV/petriNet_forNuSMV_withDeadlock.asm,petriNet_forNuSMV_withDeadlock,2,1,1,2,4,atgt,NO_VALID_SCENARIOS,NaN,0,0,0,0,null,null,null,null,null,0,0
../../../asm_examples/examples/simple_example/Invariants.asm,Invariants,1,1,0,1,2,atgt,NO_VALID_SCENARIOS,NaN,0,0,0,0,null,null,null,null,null,0,0
../../../asm_examples/examples/ermts_etcs/models/ertms_hl3_integer_disco_lostint_lengthchanged.asm,ertms_hl3_integer_disco_lostint_lengthchanged,19,64,19,49,158,atgt,NO_VALID_SCENARIOS,NaN,0,0,0,0,null,null,null,null,null,0,0
../../../asm_examples/examples/traffic_light/Timer/oneWayTrafficLight_refinedMillisec.asm,oneWayTrafficLight_refinedMillisec,8,9,1,11,44,atgt,NO_VALID_SCENARIOS,NaN,0,0,0,0,null,null,null,null,null,0,0
../../../asm_examples/stereoacuity/certifier_nochoose_noundef.asm,certifier_nochoose_noundef,17,28,0,17,74,atgt,OK,2091.0,24,144,270,517,1.0,1.0,NaN,0.9411765,1.0,0,0
../../../asm_examples/examples/TrafficLightYakindu/TrafficLight4/TrafficLight_4.asm,TrafficLight_4,13,11,0,17,60,atgt,OK,316.0,9,60,76,221,1.0,1.0,NaN,1.0,1.0,0,0
../../../asm_examples/examples/ermts_etcs/models/ertms_hl3_integer_train.asm,ertms_hl3_integer_train,10,26,6,18,66,atgt,NO_VALID_SCENARIOS,NaN,0,0,0,0,null,null,null,null,null,0,0
../../../asm_examples/unibgstudents/stufa.asm,stufa,10,18,0,11,42,atgt,NO_VALID_SCENARIOS,NaN,0,0,0,0,null,null,null,null,null,0,0
../../../asm_examples/RTPatternLibrary/Application/VisualServoing.asm,VisualServoing,3,1,0,2,32,atgt,NO_VALID_SCENARIOS,NaN,0,0,0,0,null,null,null,null,null,0,0
../../../asm_examples/examples/agents/producerConsumerRaff.asm,producerConsumerRaff,7,6,0,2,20,atgt,NO_VALID_SCENARIOS,NaN,0,0,0,0,null,null,null,null,null,0,0
../../../asm_examples/examples/ferryman/ferrymanSimulator_raff1.asm,ferrymanSimulator_raff1,3,5,0,3,11,atgt,NO_VALID_SCENARIOS,NaN,0,0,0,0,null,null,null,null,null,0,0
../../../asm_examples/examples/SemaforiAttraversamentoPedonale.asm,SemaforiAttraversamentoPedonale,2,2,0,3,9,atgt,NO_VALID_SCENARIOS,NaN,0,0,0,0,null,null,null,null,null,0,0
../../../asm_examples/DAS/TrafficMonitoringSystem/seams2015/trafficMonitoringSystem.asm,trafficMonitoringSystem,32,40,10,68,213,atgt,NO_VALID_SCENARIOS,NaN,0,0,0,0,null,null,null,null,null,0,0
../../../asm_examples/examples/RushHour/emptyCellAs0/RushHourForAsmetaSMV.asm,RushHourForAsmetaSMV,2,2,1,5,11,atgt,NO_VALID_SCENARIOS,NaN,0,0,0,0,null,null,null,null,null,0,0
../../../asm_examples/examples/petriNets/petriNetEdgeWeightPlaceCapacity_NoSeq_Matrix.asm,petriNetEdgeWeightPlaceCapacity_NoSeq_Matrix,2,1,1,2,4,atgt,NO_VALID_SCENARIOS,NaN,0,0,0,0,null,null,null,null,null,0,0
../../../asm_examples/examples/production_cell/robot.asm,robot,13,16,1,13,46,atgt,NO_VALID_SCENARIOS,NaN,0,0,0,0,null,null,null,null,null,0,0
../../../asm_examples/examples/ermts_etcs/scenarios/ertms_hl3_scenario4.asm,ertms_hl3_scenario4,31,121,32,101,307,atgt,NO_VALID_SCENARIOS,NaN,0,0,0,0,null,null,null,null,null,0,0
../../../asm_examples/examples/traffic_light/forAsmetaSMV/oneWayTrafficLight.asm,oneWayTrafficLight,7,5,0,8,29,atgt,NO_VALID_SCENARIOS,NaN,0,0,0,0,null,null,null,null,null,0,0
../../../asm_examples/examples/landingGearSystem/LGS_EV.asm,LGS_EV,4,38,0,3,60,atgt,OK,707.0,12,75,75,284,1.0,1.0,NaN,1.0,1.0,0,0
../../../asm_examples/examples/RushHour/RushHourMonSimplForAsmetaSMV.asm,RushHourMonSimplForAsmetaSMV,2,2,1,5,10,atgt,NO_VALID_SCENARIOS,NaN,0,0,0,0,null,null,null,null,null,0,0
../../../asm_examples/DAS/TrafficMonitoringSystem/validation/mainForModelCheckingNoSelfHealerNoFailures.asm,mainForModelCheckingNoSelfHealerNoFailures,22,28,6,32,129,atgt,NO_VALID_SCENARIOS,NaN,0,0,0,0,null,null,null,null,null,0,0
../../../asm_examples/examples/sultanSuccessors/sultan.asm,sultan,3,7,0,4,15,atgt,NO_VALID_SCENARIOS,NaN,0,0,0,0,null,null,null,null,null,0,0
../../../asm_examples/examples/RushHour/RushHourSimplForAsmetaSMV.asm,RushHourSimplForAsmetaSMV,2,2,1,5,9,atgt,NO_VALID_SCENARIOS,NaN,0,0,0,0,null,null,null,null,null,0,0
../../../asm_examples/examples/ermts_etcs/scenarios/ertms_hl3_scenario2.asm,ertms_hl3_scenario2,30,126,34,108,321,atgt,NO_VALID_SCENARIOS,NaN,0,0,0,0,null,null,null,null,null,0,0
../../../asm_examples/RTPatternLibrary/Application/CompleteApplication.asm,CompleteApplication,3,1,0,2,51,atgt,NO_VALID_SCENARIOS,NaN,0,0,0,0,null,null,null,null,null,0,0
../../../asm_examples/erinda/fms_io_for_atgt.asm,fms_io_for_atgt,5,4,0,4,14,atgt,NO_VALID_SCENARIOS,NaN,0,0,0,0,null,null,null,null,null,0,0
../../../asm_examples/examples/landingGearSystem/LGS_SE_v2.asm,LGS_SE_v2,4,38,0,9,66,atgt,OK,747.0,19,119,166,426,1.0,1.0,NaN,1.0,1.0,0,0
../../../asm_examples/examples/hemodialysisDevice/ABZ2016/Hemodialysis_ref2_par.asm,Hemodialysis_ref2_par,93,95,0,122,387,atgt,NO_VALID_SCENARIOS,NaN,0,0,0,0,null,null,null,null,null,0,0
../../../asm_examples/DAS/TrafficMonitoringSystem/validation/mainForModelCheckingWithPatterns.asm,mainForModelCheckingWithPatterns,32,40,10,68,213,atgt,NO_VALID_SCENARIOS,NaN,0,0,0,0,null,null,null,null,null,0,0
../../../asm_examples/examples/GilbreathCardTrick/GilbreathCardTrickSimpl.asm,GilbreathCardTrickSimpl,7,11,2,9,39,atgt,NO_VALID_SCENARIOS,NaN,0,0,0,0,null,null,null,null,null,0,0
../../../asm_examples/examples/models/LIFT.asm,LIFT,9,11,4,8,33,atgt,NO_VALID_SCENARIOS,NaN,0,0,0,0,null,null,null,null,null,0,0
../../../asm_examples/examples/petriNets/forAsmetaSMV/petriNet_forNuSMV_reversable.asm,petriNet_forNuSMV_reversable,2,1,1,2,4,atgt,NO_VALID_SCENARIOS,NaN,0,0,0,0,null,null,null,null,null,0,0
../../../asm_examples/examples/landingGearSystem/LGS_GM.asm,LGS_GM,4,15,0,3,22,atgt,OK,328.0,12,75,75,75,1.0,1.0,NaN,1.0,1.0,0,0
../../../asm_examples/examples_for_nuXmv/FunctionInt.asm,FunctionInt,1,3,0,2,6,atgt,NO_VALID_SCENARIOS,NaN,0,0,0,0,null,null,null,null,null,0,0
../../../asm_examples/examples/models/FlipFlop.asm,FlipFlop,3,1,0,1,7,atgt,NO_VALID_SCENARIOS,NaN,0,0,0,0,null,null,null,null,null,0,0
../../../asm_examples/examples/traffic_light/Timer/oneWayTrafficLight_refinedMillisecSec.asm,oneWayTrafficLight_refinedMillisecSec,8,9,1,11,44,atgt,NO_VALID_SCENARIOS,NaN,0,0,0,0,null,null,null,null,null,0,0
../../../asm_examples/examples/simple_example/euclideMCD_init.asm,euclideMCD_init,1,2,0,2,4,atgt,NO_VALID_SCENARIOS,NaN,0,0,0,0,null,null,null,null,null,0,0
../../../asm_examples/systemc/counterAG/main_user.asm,main_user,1,0,0,0,1,atgt,NO_VALID_SCENARIOS,NaN,0,0,0,0,null,null,null,null,null,0,0
../../../asm_examples/unibgstudents/VideotecaASM.asm,VideotecaASM,8,24,0,20,66,atgt,NO_VALID_SCENARIOS,NaN,0,0,0,0,null,null,null,null,null,0,0
../../../asm_examples/examples/hemodialysisDevice/ABZ2016/Hemodialysis_ref1_forMC.asm,Hemodialysis_ref1_forMC,58,59,0,70,196,atgt,NO_VALID_SCENARIOS,NaN,0,0,0,0,null,null,null,null,null,0,0
../../../asm_examples/examples/sluicegate/Timer/sluiceGateGround.asm,sluiceGateGround,1,2,0,2,9,atgt,NO_VALID_SCENARIOS,NaN,0,0,0,0,null,null,null,null,null,0,0
../../../asm_examples/erinda/FMS_IO_3.asm,FMS_IO_3,5,46,0,4,59,atgt,NO_VALID_SCENARIOS,NaN,0,0,0,0,null,null,null,null,null,0,0
../../../asm_examples/examples/sluicegate/sluiceGateMotorCtl.asm,sluiceGateMotorCtl,4,9,0,8,28,atgt,NO_VALID_SCENARIOS,NaN,0,0,0,0,null,null,null,null,null,0,0
../../../asm_examples/examples/fsmsemantics/meta_hooking/FSM.asm,FSM,3,2,1,2,8,atgt,NO_VALID_SCENARIOS,NaN,0,0,0,0,null,null,null,null,null,0,0
../../../asm_examples/examples/petriNets/forModelAdvisor/petriNet_forModelAdvisor_InconsUpdateViolation2.asm,petriNet_forModelAdvisor_InconsUpdateViolation2,2,2,2,3,7,atgt,NO_VALID_SCENARIOS,NaN,0,0,0,0,null,null,null,null,null,0,0
../../../asm_examples/examples/parking.asm,parking,2,2,1,5,9,atgt,NO_VALID_SCENARIOS,NaN,0,0,0,0,null,null,null,null,null,0,0
../../../asm_examples/RTPatternLibrary/Application/RobotController.asm,RobotController,3,1,0,2,42,atgt,NO_VALID_SCENARIOS,NaN,0,0,0,0,null,null,null,null,null,0,0
../../../asm_examples/examples/hemodialysisDevice/SCP2017/HemodialysisRef2.asm,HemodialysisRef2,143,128,1,207,578,atgt,NO_VALID_SCENARIOS,NaN,0,0,0,0,null,null,null,null,null,0,0
../../../asm_examples/examples_for_nuXmv/FunctionInt2.asm,FunctionInt2,1,2,0,1,3,atgt,NO_VALID_SCENARIOS,NaN,0,0,0,0,null,null,null,null,null,0,0
../../../asm_examples/PHD/phd_master_flat2_v1.asm,phd_master_flat2_v1,4,52,0,3,85,atgt,OK,964.0,34,98,98,162,1.0,0.78846157,NaN,1.0,1.0,0,0
../../../asm_examples/PillBox/Level1/pillbox_1_elia.asm,pillbox_1_elia,7,21,0,10,45,atgt,OK,862.0,9,90,89,189,1.0,1.0,NaN,0.9,1.0,0,0
../../../asm_examples/examples/GilbreathCardTrick/workingButNotElegant/GilbreathCardTrickWithAuxFunctionSimple.asm,GilbreathCardTrickWithAuxFunctionSimple,4,15,1,8,34,atgt,NO_VALID_SCENARIOS,NaN,0,0,0,0,null,null,null,null,null,0,0
../../../asm_examples/examples/agents/populationAgent_raff1_twoPersons.asm,populationAgent_raff1_twoPersons,4,7,1,8,20,atgt,NO_VALID_SCENARIOS,NaN,0,0,0,0,null,null,null,null,null,0,0
../../../asm_examples/examples/simple_example/QuickSort.asm,QuickSort,1,1,0,0,1,atgt,NO_VALID_SCENARIOS,NaN,0,0,0,0,null,null,null,null,null,0,0
../../../asm_examples/examples/ABZ2020/CarSystemModule/CarSystem002/CarSystem002main.asm,CarSystem002main,2,2,0,0,10,atgt,NO_VALID_SCENARIOS,NaN,0,0,0,0,null,null,null,null,null,0,0
../../../asm_examples/stereoacuity/certifierGround.asm,certifierGround,12,12,0,7,36,atgt,OK,67.0,3,10,6,28,1.0,0.9166667,NaN,0.85714287,0.9444444,0,0
../../../asm_examples/examples/philosophers/philosophers3.asm,philosophers3,4,6,0,5,17,atgt,NO_VALID_SCENARIOS,NaN,0,0,0,0,null,null,null,null,null,0,0
../../../asm_examples/examples/traffic_light/oneWayTrafficLightUsingEnumFlat.asm,oneWayTrafficLightUsingEnumFlat,5,12,0,8,29,atgt,OK,237.0,12,46,46,150,1.0,1.0,NaN,1.0,1.0,0,0
../../../asm_examples/examples/simple_example/euclideMCD.asm,euclideMCD,1,2,0,2,4,atgt,NO_VALID_SCENARIOS,NaN,0,0,0,0,null,null,null,null,null,0,0
../../../asm_examples/examples/hemodialysisDevice/ABZ2016/Hemodialysis_ref2_forMC.asm,Hemodialysis_ref2_forMC,89,95,0,108,324,atgt,NO_VALID_SCENARIOS,NaN,0,0,0,0,null,null,null,null,null,0,0
../../../asm_examples/examples/agents/populationAgent_raff1_fourPersons.asm,populationAgent_raff1_fourPersons,4,7,1,8,20,atgt,NO_VALID_SCENARIOS,NaN,0,0,0,0,null,null,null,null,null,0,0
../../../asm_examples/examples/simple_example/population_raff1_fourPersons.asm,population_raff1_fourPersons,4,7,1,8,21,atgt,NO_VALID_SCENARIOS,NaN,0,0,0,0,null,null,null,null,null,0,0
../../../asm_examples/examples/swapBoard.asm,swapBoard,3,4,1,3,11,atgt,NO_VALID_SCENARIOS,NaN,0,0,0,0,null,null,null,null,null,0,0
../../../asm_examples/examples/simple_example/IncosistentUpdate.asm,IncosistentUpdate,1,2,0,2,5,atgt,NO_VALID_SCENARIOS,NaN,0,0,0,0,null,null,null,null,null,0,0
../../../asm_examples/examples/agents/SeqSelf.asm,SeqSelf,4,2,0,0,5,atgt,NO_VALID_SCENARIOS,NaN,0,0,0,0,null,null,null,null,null,0,0
../../../asm_examples/systemc/clock/main.asm,main,1,0,0,0,1,atgt,NO_VALID_SCENARIOS,NaN,0,0,0,0,null,null,null,null,null,0,0
../../../asm_examples/examples/ABZ2020/CarSystemModule/CarSystem003/CarSystem003main.asm,CarSystem003main,2,2,0,0,11,atgt,NO_VALID_SCENARIOS,NaN,0,0,0,0,null,null,null,null,null,0,0
../../../asm_examples/examples/petriNets/petriNetNoEdgeWeightNoPlaceCapacity_seq.asm,petriNetNoEdgeWeightNoPlaceCapacity_seq,2,2,2,3,7,atgt,NO_VALID_SCENARIOS,NaN,0,0,0,0,null,null,null,null,null,0,0
../../../asm_examples/examples/ermts_etcs/scenarios/ertms_hl3_scenario3.asm,ertms_hl3_scenario3,30,126,34,108,321,atgt,NO_VALID_SCENARIOS,NaN,0,0,0,0,null,null,null,null,null,0,0
../../../asm_examples/examples/Yahalom/FlawedYahalom.asm,FlawedYahalom,11,29,2,20,97,atgt,NO_VALID_SCENARIOS,NaN,0,0,0,0,null,null,null,null,null,0,0
../../../asm_examples/examples/simple_example/population.asm,population,3,7,1,8,20,atgt,NO_VALID_SCENARIOS,NaN,0,0,0,0,null,null,null,null,null,0,0
../../../asm_examples/examples/fsmsemantics/meta_hooking/myFSM.asm,myFSM,3,2,0,1,7,atgt,NO_VALID_SCENARIOS,NaN,0,0,0,0,null,null,null,null,null,0,0
../../../asm_examples/examples/ABZ2020/CarSystemModule/CarSystem008/CarSystem008main.asm,CarSystem008main,2,4,0,0,19,atgt,NO_VALID_SCENARIOS,NaN,0,0,0,0,null,null,null,null,null,0,0
../../../asm_examples/examples/testRanges.asm,testRanges,1,0,0,0,1,atgt,NO_VALID_SCENARIOS,NaN,0,0,0,0,null,null,null,null,null,0,0
../../../asm_examples/examples/traffic_light/oneWayTrafficLight_refined_with_agents_problem.asm,oneWayTrafficLight_refined_with_agents_problem,13,8,1,11,50,atgt,NO_VALID_SCENARIOS,NaN,0,0,0,0,null,null,null,null,null,0,0
../../../asm_examples/examples/landingGearSystem/LGS_HM.asm,LGS_HM,5,46,0,18,86,atgt,NO_VALID_SCENARIOS,NaN,0,0,0,0,null,null,null,null,null,0,0
../../../asm_examples/PillBox/Level2/pillbox_2_elia.asm,pillbox_2_elia,7,31,1,20,66,atgt,NO_VALID_SCENARIOS,NaN,0,0,0,0,null,null,null,null,null,0,0
../../../asm_examples/stereoacuity/certifierRaff5.asm,certifierRaff5,14,20,0,11,53,atgt,OK,200.0,2,7,7,26,1.0,0.85,NaN,0.95454544,0.9811321,4,0
../../../asm_examples/examples/simple_example/MorraCinese/MorraCinese_raff1.asm,MorraCinese_raff1,1,6,0,1,10,atgt,NO_VALID_SCENARIOS,NaN,0,0,0,0,null,null,null,null,null,0,0
../../../asm_examples/examples/landingGearSystem/LGS_3L.asm,LGS_3L,4,38,0,9,66,atgt,NO_VALID_SCENARIOS,NaN,0,0,0,0,null,null,null,null,null,0,0
../../../asm_examples/examples/agents/FileSystem.asm,FileSystem,3,4,1,3,10,atgt,NO_VALID_SCENARIOS,NaN,0,0,0,0,null,null,null,null,null,0,0
../../../asm_examples/examples/trafficLightCoSim/trafficlightA.asm,trafficlightA,2,5,0,6,14,atgt,OK,67.0,4,13,16,0,1.0,1.0,NaN,1.0,1.0,0,0
../../../asm_examples/examples/NeedhamSchroeder/NeedhamSchroeder.asm,NeedhamSchroeder,8,16,1,8,56,atgt,NO_VALID_SCENARIOS,NaN,0,0,0,0,null,null,null,null,null,0,0
../../../asm_examples/examples/simple_example/fattoriale.asm,fattoriale,2,6,0,3,13,atgt,NO_VALID_SCENARIOS,NaN,0,0,0,0,null,null,null,null,null,0,0
../../../asm_examples/examples/smartHome/smartHomeNoMultiChannel.asm,smartHomeNoMultiChannel,24,25,0,34,95,atgt,NO_VALID_SCENARIOS,NaN,0,0,0,0,null,null,null,null,null,0,0
../../../asm_examples/examples/hemodialysisDevice/ABZ2016/Hemodialysis_GM.asm,Hemodialysis_GM,5,2,0,3,11,atgt,OK,33.0,2,5,0,5,1.0,1.0,NaN,1.0,1.0,0,0
../../../asm_examples/examples/trafficLightCoSim/emptyModel.asm,emptyModel,1,0,0,0,1,atgt,NO_VALID_SCENARIOS,0.0,0,0,0,0,null,null,null,null,null,0,0
../../../asm_examples/examples/RushHour/emptyCellAs0/RushHour.asm,RushHour,2,2,1,5,9,atgt,NO_VALID_SCENARIOS,NaN,0,0,0,0,null,null,null,null,null,0,0
../../../asm_examples/examples/parkingSimple.asm,parkingSimple,1,2,0,2,4,atgt,OK,18.0,1,4,7,3,1.0,1.0,NaN,1.0,1.0,0,0
../../../asm_examples/examples/RushHour/RushHour.asm,RushHour,2,2,1,5,9,atgt,NO_VALID_SCENARIOS,NaN,0,0,0,0,null,null,null,null,null,0,0
../../../asm_examples/examples/RushHour/emptyCellAs0/RushHourSimplForAsmetaSMV.asm,RushHourSimplForAsmetaSMV,2,2,1,5,11,atgt,NO_VALID_SCENARIOS,NaN,0,0,0,0,null,null,null,null,null,0,0
../../../asm_examples/unibgstudents/Prova.asm,Prova,3,2,0,4,9,atgt,OK,35.0,2,7,7,5,1.0,1.0,NaN,1.0,1.0,0,0
../../../asm_examples/examples/petriNets/forModelAdvisor/petriNet_forModelAdvisor_InconsUpdateViolation3.asm,petriNet_forModelAdvisor_InconsUpdateViolation3,2,2,2,3,7,atgt,NO_VALID_SCENARIOS,NaN,0,0,0,0,null,null,null,null,null,0,0
../../../asm_examples/examples/railRoadGate/railroadGate.asm,railroadGate,1,4,0,2,7,atgt,NO_VALID_SCENARIOS,19.0,0,0,0,0,null,null,null,null,null,1,0
../../../asm_examples/examples/simple_example/AdvancedClock.asm,AdvancedClock,2,3,0,2,8,atgt,OK,15902.0,2,3603,0,3668,1.0,1.0,NaN,1.0,1.0,0,0
../../../asm_examples/examples/fsmsemantics/FSM_map0.asm,FSM_map0,5,8,0,4,21,atgt,NO_VALID_SCENARIOS,NaN,0,0,0,0,null,null,null,null,null,0,0
../../../asm_examples/examples/simple_example/population_raff1_twoPersons.asm,population_raff1_twoPersons,3,7,1,8,20,atgt,NO_VALID_SCENARIOS,NaN,0,0,0,0,null,null,null,null,null,0,0
../../../asm_examples/examples/TrafficLightYakindu/TrafficLight2/TrafficLight_2.asm,TrafficLight_2,14,23,0,23,76,atgt,OK,359.0,13,60,76,141,1.0,1.0,NaN,0.9130435,1.0,0,0
../../../asm_examples/PHD/phd_master_flat2_v6.asm,phd_master_flat2_v6,6,152,0,14,253,atgt,OK,4968.0,104,316,334,522,1.0,0.78289473,NaN,1.0,0.9881423,0,0
../../../asm_examples/examples/ermts_etcs/scenarios/ertms_hl3_scenario8.asm,ertms_hl3_scenario8,30,126,34,109,322,atgt,NO_VALID_SCENARIOS,NaN,0,0,0,0,null,null,null,null,null,0,0
../../../asm_examples/examples/models/wiper_abs2.asm,wiper_abs2,14,82,0,42,165,atgt,NO_VALID_SCENARIOS,NaN,0,0,0,0,null,null,null,null,null,0,0
../../../asm_examples/examples/RushHour/emptyCellAs0/RushHourMonSimplForAsmetaSMV.asm,RushHourMonSimplForAsmetaSMV,2,2,1,5,12,atgt,NO_VALID_SCENARIOS,NaN,0,0,0,0,null,null,null,null,null,0,0
../../../asm_examples/examples/petriNets/petriNetEdgeWeightNoPlaceCapacity_NoSeq_Matrix.asm,petriNetEdgeWeightNoPlaceCapacity_NoSeq_Matrix,2,1,1,2,4,atgt,NO_VALID_SCENARIOS,NaN,0,0,0,0,null,null,null,null,null,0,0
../../../asm_examples/examples/models/SwapSortMon.asm,SwapSortMon,3,2,0,1,6,atgt,NO_VALID_SCENARIOS,NaN,0,0,0,0,null,null,null,null,null,0,0
../../../asm_examples/PillBox/Level3/pillbox_FULL.asm,pillbox_FULL,9,29,1,20,69,atgt,NO_VALID_SCENARIOS,NaN,0,0,0,0,null,null,null,null,null,0,0
../../../asm_examples/examples/production_cell/Production_Cell_with_agents.asm,Production_Cell_with_agents,42,45,0,35,130,atgt,NO_VALID_SCENARIOS,NaN,0,0,0,0,null,null,null,null,null,0,0
../../../asm_examples/unibgstudents/Rubrica.asm,Rubrica,4,6,0,4,17,atgt,NO_VALID_SCENARIOS,NaN,0,0,0,0,null,null,null,null,null,0,0
../../../asm_examples/examples/Yahalom/Yahalom.asm,Yahalom,11,29,2,20,97,atgt,NO_VALID_SCENARIOS,NaN,0,0,0,0,null,null,null,null,null,0,0
../../../asm_examples/examples/NeedhamSchroeder/NeedhamSchroederWithSpy.asm,NeedhamSchroederWithSpy,13,20,1,11,82,atgt,NO_VALID_SCENARIOS,NaN,0,0,0,0,null,null,null,null,null,0,0
../../../asm_examples/examples/filosofiEciliegie/filosofiEciliegie.asm,filosofiEciliegie,2,5,0,4,12,atgt,NO_VALID_SCENARIOS,NaN,0,0,0,0,null,null,null,null,null,0,0
../../../asm_examples/examples/simple_example/MorraCinese/withActors/MorraCinese_withActors_raff3.asm,MorraCinese_withActors_raff3,1,7,0,2,13,atgt,NO_VALID_SCENARIOS,NaN,0,0,0,0,null,null,null,null,null,0,0
../../../asm_examples/examples/sensorVotingSimpleVersion.asm,sensorVotingSimpleVersion,2,5,0,4,12,atgt,OK,80.0,5,23,66,37,1.0,1.0,NaN,1.0,1.0,0,0
../../../asm_examples/DAS/TrafficMonitoringSystem/validation/mainForModelCheckingTwoCameras.asm,mainForModelCheckingTwoCameras,31,42,9,59,199,atgt,NO_VALID_SCENARIOS,NaN,0,0,0,0,null,null,null,null,null,0,0
../../../asm_examples/examples/simple_example/fibonacci.asm,fibonacci,3,3,0,2,9,atgt,NO_VALID_SCENARIOS,NaN,0,0,0,0,null,null,null,null,null,0,0
../../../asm_examples/examples/simple_example/swapSortOnSeq.asm,swapSortOnSeq,1,1,0,1,2,atgt,NO_VALID_SCENARIOS,NaN,0,0,0,0,null,null,null,null,null,0,0
../../../asm_examples/examples/giocoDelleTreScatole.asm,giocoDelleTreScatole,2,6,0,4,14,atgt,NO_VALID_SCENARIOS,NaN,0,0,0,0,null,null,null,null,null,0,0
../../../asm_examples/examples/sluicegate/sluiceGate_with_agents.asm,sluiceGate_with_agents,7,13,0,12,47,atgt,NO_VALID_SCENARIOS,NaN,0,0,0,0,null,null,null,null,null,0,0
../../../asm_examples/examples/darts.asm,darts,2,2,0,4,10,atgt,NO_VALID_SCENARIOS,NaN,0,0,0,0,null,null,null,null,null,0,0
../../../asm_examples/stereoacuity/certifierRaff5ForSMTproof.asm,certifierRaff5ForSMTproof,15,24,0,13,61,atgt,OK,575.0,11,51,81,181,1.0,0.9166667,NaN,0.96153843,0.9836066,0,0
../../../asm_examples/examples/fsmsemantics/FSM_hooking3.asm,FSM_hooking3,3,2,1,2,8,atgt,NO_VALID_SCENARIOS,NaN,0,0,0,0,null,null,null,null,null,0,0
../../../asm_examples/examples/traffic_light/oneWayTrafficLightOnlyPassed.asm,oneWayTrafficLightOnlyPassed,5,12,0,5,26,atgt,OK,184.0,10,43,43,119,1.0,1.0,NaN,1.0,1.0,0,0
../../../asm_examples/examples/authenticationProtocols/groundModel_v2.asm,groundModel_v2,8,14,3,12,50,atgt,NO_VALID_SCENARIOS,NaN,0,0,0,0,null,null,null,null,null,0,0
../../../asm_examples/examples/sultanSuccessors/sultanGreedy.asm,sultanGreedy,3,3,0,2,8,atgt,NO_VALID_SCENARIOS,NaN,0,0,0,0,null,null,null,null,null,0,0
../../../asm_examples/examples/diceKnuthYao.asm,diceKnuthYao,1,10,0,7,17,atgt,OK,126.0,8,31,26,39,1.0,1.0,NaN,1.0,1.0,0,0
../../../asm_examples/examples/production_cell/crane.asm,crane,7,8,1,7,24,atgt,NO_VALID_SCENARIOS,NaN,0,0,0,0,null,null,null,null,null,0,0
../../../asm_examples/PillBox/Level2/pillbox_2_for_RefProv.asm,pillbox_2_for_RefProv,9,40,1,30,91,atgt,NO_VALID_SCENARIOS,NaN,0,0,0,0,null,null,null,null,null,0,0
