asm_path,iteration,status,iteration_exec_time_ms,generation_exec_time_ms,correct_scenarios,n_step,n_set,n_check,failing_scenarios,validation_error_scenarios,tot_mutants,n_killed_mutants_cumulativa,idx_killed_mutants_cumulative
asm_examples/stereoacuity/certifier_nochoose_noundef.asm,IT1,OK,5758,100,10,100,52,715,0,0,9,2,4;8
asm_examples/stereoacuity/certifier_nochoose_noundef.asm,IT2,OK,6804,27,20,400,74,2766,0,0,9,2,4;8
asm_examples/stereoacuity/certifier_nochoose_noundef.asm,IT3,OK,12867,45,30,900,168,6592,0,0,9,2,4;8
asm_examples/stereoacuity/certifier_nochoose_noundef.asm,IT4,OK,18751,46,40,1600,144,10785,0,0,9,2,4;8
asm_examples/stereoacuity/certifier_nochoose_noundef.asm,IT5,OK,27793,64,50,2500,200,16972,0,0,9,2,4;8
asm_examples/stereoacuity/certifier_nochoose_noundef.asm,IT6,OK,38823,90,60,3600,286,24388,0,0,9,2,4;8
asm_examples/stereoacuity/certifier_nochoose_noundef.asm,IT7,OK,51292,116,70,4900,308,32395,0,0,9,2,4;8
asm_examples/stereoacuity/certifier_nochoose_noundef.asm,IT8,OK,66537,145,80,6400,374,41954,0,0,9,2,4;8
asm_examples/stereoacuity/certifier_nochoose_noundef.asm,IT9,OK,87387,181,90,8100,390,55894,0,0,9,2,4;8
asm_examples/stereoacuity/certifier_nochoose_noundef.asm,IT10,OK,106557,222,100,10000,490,66235,0,0,9,2,4;8
asm_examples/stereoacuity/certifier_nochoose_noundef.asm,IT11,OK,127238,269,110,12100,476,76434,0,0,9,2,4;8
asm_examples/stereoacuity/certifier_nochoose_noundef.asm,IT12,OK,161029,317,120,14400,526,97060,0,0,9,2,4;8
asm_examples/stereoacuity/certifier_nochoose_noundef.asm,ALL,OK,710836,1622,780,65000,3488,432190,0,0,9,2,4;8
asm_examples/examples/sluicegate/sluiceGateMotorCtl.asm,IT1,OK,4743,133,10,100,79,296,0,0,7,1,2
asm_examples/examples/sluicegate/sluiceGateMotorCtl.asm,IT2,OK,5059,58,20,400,250,1188,0,0,7,1,2
asm_examples/examples/sluicegate/sluiceGateMotorCtl.asm,IT3,OK,8393,70,30,900,513,2670,0,0,7,1,2
asm_examples/examples/sluicegate/sluiceGateMotorCtl.asm,IT4,OK,11893,101,40,1600,886,4740,0,0,7,1,2
asm_examples/examples/sluicegate/sluiceGateMotorCtl.asm,IT5,OK,16828,142,50,2500,1375,7428,0,0,7,1,2
asm_examples/examples/sluicegate/sluiceGateMotorCtl.asm,IT6,OK,22643,186,60,3600,1914,10768,0,0,7,1,2
asm_examples/examples/sluicegate/sluiceGateMotorCtl.asm,IT7,OK,30191,218,70,4900,2609,14636,0,0,7,1,2
asm_examples/examples/sluicegate/sluiceGateMotorCtl.asm,IT8,OK,38444,285,80,6400,3467,19122,0,0,7,1,2
asm_examples/examples/sluicegate/sluiceGateMotorCtl.asm,IT9,OK,48649,416,90,8100,4233,24220,0,0,7,1,2
asm_examples/examples/sluicegate/sluiceGateMotorCtl.asm,IT10,OK,60697,434,100,10000,5178,29872,0,0,7,1,2
asm_examples/examples/sluicegate/sluiceGateMotorCtl.asm,IT11,OK,73862,535,110,12100,6391,36210,0,0,7,1,2
asm_examples/examples/sluicegate/sluiceGateMotorCtl.asm,IT12,OK,88579,631,120,14400,7410,43080,0,0,7,1,2
asm_examples/examples/sluicegate/sluiceGateMotorCtl.asm,IT13,OK,105276,720,130,16900,8648,50552,0,0,7,1,2
asm_examples/examples/sluicegate/sluiceGateMotorCtl.asm,IT14,OK,123561,866,140,19600,10144,58646,0,0,7,1,2
asm_examples/examples/sluicegate/sluiceGateMotorCtl.asm,ALL,OK,638818,4795,1050,101500,53097,303428,0,0,7,1,2
asm_examples/examples/hemodialysisDevice/SCP2017/HemodialysisRef3.asm,IT1,OK,73979,423,10,100,185,1141,0,0,78,3,20;13;77
asm_examples/examples/hemodialysisDevice/SCP2017/HemodialysisRef3.asm,IT2,OK,157388,402,20,400,764,3572,0,0,78,4,20;13;77;15
asm_examples/examples/hemodialysisDevice/SCP2017/HemodialysisRef3.asm,IT3,OK,274069,726,30,900,2007,7728,0,0,78,6,16;20;21;13;77;15
asm_examples/examples/hemodialysisDevice/SCP2017/HemodialysisRef3.asm,IT4,OK,428253,1312,40,1600,3813,13772,0,0,78,6,16;20;21;13;77;15
asm_examples/examples/hemodialysisDevice/SCP2017/HemodialysisRef3.asm,ALL,OK,933689,2863,100,3000,6769,26213,0,0,78,6,16;20;21;13;77;15
asm_examples/examples/hemodialysisDevice/ABZ2016/Hemodialysis_ref1_par.asm,IT1,OK,14672,141,10,100,109,302,0,0,26,1,24
asm_examples/examples/hemodialysisDevice/ABZ2016/Hemodialysis_ref1_par.asm,IT2,OK,22995,77,20,400,419,1165,0,0,26,1,24
asm_examples/examples/hemodialysisDevice/ABZ2016/Hemodialysis_ref1_par.asm,IT3,OK,39359,103,30,900,929,2667,0,0,26,1,24
asm_examples/examples/hemodialysisDevice/ABZ2016/Hemodialysis_ref1_par.asm,IT4,OK,58530,180,40,1600,1639,4743,0,0,26,1,24
asm_examples/examples/hemodialysisDevice/ABZ2016/Hemodialysis_ref1_par.asm,IT5,OK,83217,267,50,2500,2549,7442,0,0,26,1,24
asm_examples/examples/hemodialysisDevice/ABZ2016/Hemodialysis_ref1_par.asm,IT6,OK,116401,367,60,3600,3659,10725,0,0,26,1,24
asm_examples/examples/hemodialysisDevice/ABZ2016/Hemodialysis_ref1_par.asm,IT7,OK,156243,496,70,4900,4969,14648,0,0,26,1,24
asm_examples/examples/hemodialysisDevice/ABZ2016/Hemodialysis_ref1_par.asm,IT8,OK,196836,734,80,6400,6479,19155,0,0,26,1,24
asm_examples/examples/hemodialysisDevice/ABZ2016/Hemodialysis_ref1_par.asm,ALL,OK,688253,2365,360,20400,20752,60847,0,0,26,1,24
asm_examples/examples/traffic_light/Timer/oneWayTrafficLight_refinedMillisecSec.asm,ALL,MUTATION_ERROR,0,172,10,100,100,180,0,0,9,0,
asm_examples/examples/traffic_light/Timer/oneWayTrafficLight_refinedMillisec.asm,ALL,MUTATION_ERROR,0,168,10,100,100,180,0,0,9,0,
asm_examples/stereoacuity/certifier_nochoose.asm,IT1,OK,5564,97,10,100,60,648,0,0,8,1,4
asm_examples/stereoacuity/certifier_nochoose.asm,IT2,OK,6598,27,20,400,89,2393,0,0,8,1,4
asm_examples/stereoacuity/certifier_nochoose.asm,IT3,OK,11421,33,30,900,125,5193,0,0,8,1,4
asm_examples/stereoacuity/certifier_nochoose.asm,IT4,OK,17553,40,40,1600,157,9657,0,0,8,1,4
asm_examples/stereoacuity/certifier_nochoose.asm,IT5,OK,24928,56,50,2500,260,14342,0,0,8,1,4
asm_examples/stereoacuity/certifier_nochoose.asm,IT6,OK,34226,70,60,3600,270,20310,0,0,8,1,4
asm_examples/stereoacuity/certifier_nochoose.asm,IT7,OK,47004,97,70,4900,334,28853,0,0,8,1,4
asm_examples/stereoacuity/certifier_nochoose.asm,IT8,OK,59336,119,80,6400,303,35773,0,0,8,1,4
asm_examples/stereoacuity/certifier_nochoose.asm,IT9,OK,79721,149,90,8100,455,49341,0,0,8,1,4
asm_examples/stereoacuity/certifier_nochoose.asm,IT10,OK,96337,174,100,10000,446,57275,0,0,8,1,4
asm_examples/stereoacuity/certifier_nochoose.asm,IT11,OK,115380,348,110,12100,382,66933,0,0,8,1,4
asm_examples/stereoacuity/certifier_nochoose.asm,IT12,OK,141191,250,120,14400,537,81655,0,0,8,1,4
asm_examples/stereoacuity/certifier_nochoose.asm,ALL,OK,639259,1460,780,65000,3418,372373,0,0,8,1,4
asm_examples/examples/models/LIFTDC.asm,IT1,OK,1563,192,2,20,36,43,0,0,3,2,1;2
asm_examples/examples/models/LIFTDC.asm,IT2,OK,172,159,0,0,0,0,0,0,3,2,1;2
asm_examples/examples/models/LIFTDC.asm,IT3,OK,210,195,0,0,0,0,0,0,3,2,1;2
asm_examples/examples/models/LIFTDC.asm,IT4,OK,212,197,0,0,0,0,0,0,3,2,1;2
asm_examples/examples/models/LIFTDC.asm,IT5,OK,219,206,0,0,0,0,0,0,3,2,1;2
asm_examples/examples/models/LIFTDC.asm,IT6,OK,230,218,0,0,0,0,0,0,3,2,1;2
asm_examples/examples/models/LIFTDC.asm,IT7,OK,179,166,0,0,0,0,0,0,3,2,1;2
asm_examples/examples/models/LIFTDC.asm,IT8,OK,206,195,0,0,0,0,0,0,3,2,1;2
asm_examples/examples/models/LIFTDC.asm,IT9,OK,305,293,0,0,0,0,0,0,3,2,1;2
asm_examples/examples/models/LIFTDC.asm,IT10,OK,329,316,0,0,0,0,0,0,3,2,1;2
asm_examples/examples/models/LIFTDC.asm,IT11,OK,333,321,0,0,0,0,0,0,3,2,1;2
asm_examples/examples/models/LIFTDC.asm,IT12,OK,324,313,0,0,0,0,0,0,3,2,1;2
asm_examples/examples/models/LIFTDC.asm,IT13,OK,275,266,0,0,0,0,0,0,3,2,1;2
asm_examples/examples/models/LIFTDC.asm,IT14,OK,281,272,0,0,0,0,0,0,3,2,1;2
asm_examples/examples/models/LIFTDC.asm,IT15,OK,279,270,0,0,0,0,0,0,3,2,1;2
asm_examples/examples/models/LIFTDC.asm,IT16,OK,305,295,0,0,0,0,0,0,3,2,1;2
asm_examples/examples/models/LIFTDC.asm,IT17,OK,329,320,0,0,0,0,0,0,3,2,1;2
asm_examples/examples/models/LIFTDC.asm,IT18,OK,315,306,0,0,0,0,0,0,3,2,1;2
asm_examples/examples/models/LIFTDC.asm,IT19,OK,346,338,0,0,0,0,0,0,3,2,1;2
asm_examples/examples/models/LIFTDC.asm,IT20,OK,369,360,0,0,0,0,0,0,3,2,1;2
asm_examples/examples/models/LIFTDC.asm,ALL,OK,6781,5198,2,20,36,43,0,0,3,2,1;2
asm_examples/examples/trafficLightCoSim/controller.asm,ALL,MUTATION_ERROR,0,145,10,100,122,168,0,0,9,0,
asm_examples/examples/hemodialysisDevice/ABZ2016/Hemodialysis_ref4.asm,IT1,OK,83447,448,10,100,109,770,0,0,103,1,57
asm_examples/examples/hemodialysisDevice/ABZ2016/Hemodialysis_ref4.asm,IT2,OK,178113,303,20,400,419,2155,0,0,103,1,57
asm_examples/examples/hemodialysisDevice/ABZ2016/Hemodialysis_ref4.asm,IT3,OK,295459,707,30,900,929,4123,0,0,103,1,57
asm_examples/examples/hemodialysisDevice/ABZ2016/Hemodialysis_ref4.asm,IT4,OK,435440,1010,40,1600,1639,6675,0,0,103,1,57
asm_examples/examples/hemodialysisDevice/ABZ2016/Hemodialysis_ref4.asm,ALL,OK,992459,2468,100,3000,3096,13723,0,0,103,1,57
asm_examples/examples/traffic_light/oneWayTrafficLight_refined_with_agents_problem.asm,IT1,OK,4254,121,6,0,0,0,4,0,13,1,12
asm_examples/examples/traffic_light/oneWayTrafficLight_refined_with_agents_problem.asm,IT2,OK,2974,133,8,0,0,0,12,0,13,1,12
asm_examples/examples/traffic_light/oneWayTrafficLight_refined_with_agents_problem.asm,IT3,OK,3847,57,13,0,0,0,17,0,13,1,12
asm_examples/examples/traffic_light/oneWayTrafficLight_refined_with_agents_problem.asm,IT4,OK,5416,69,21,0,0,0,19,0,13,1,12
asm_examples/examples/traffic_light/oneWayTrafficLight_refined_with_agents_problem.asm,IT5,OK,5890,82,23,0,0,0,27,0,13,1,12
asm_examples/examples/traffic_light/oneWayTrafficLight_refined_with_agents_problem.asm,IT6,OK,6911,89,29,0,0,0,31,0,13,1,12
asm_examples/examples/traffic_light/oneWayTrafficLight_refined_with_agents_problem.asm,IT7,OK,8397,78,36,0,0,0,34,0,13,1,12
asm_examples/examples/traffic_light/oneWayTrafficLight_refined_with_agents_problem.asm,IT8,OK,9399,90,41,0,0,0,39,0,13,1,12
asm_examples/examples/traffic_light/oneWayTrafficLight_refined_with_agents_problem.asm,IT9,OK,10471,110,44,0,0,0,46,0,13,1,12
asm_examples/examples/traffic_light/oneWayTrafficLight_refined_with_agents_problem.asm,IT10,OK,9904,146,43,0,0,0,57,0,13,1,12
asm_examples/examples/traffic_light/oneWayTrafficLight_refined_with_agents_problem.asm,IT11,OK,12361,105,56,0,0,0,54,0,13,1,12
asm_examples/examples/traffic_light/oneWayTrafficLight_refined_with_agents_problem.asm,IT12,OK,13101,138,59,0,0,0,61,0,13,1,12
asm_examples/examples/traffic_light/oneWayTrafficLight_refined_with_agents_problem.asm,IT13,OK,14675,113,68,0,0,0,62,0,13,1,12
asm_examples/examples/traffic_light/oneWayTrafficLight_refined_with_agents_problem.asm,IT14,OK,14953,147,68,0,0,0,72,0,13,1,12
asm_examples/examples/traffic_light/oneWayTrafficLight_refined_with_agents_problem.asm,IT15,OK,16951,139,79,0,0,0,71,0,13,1,12
asm_examples/examples/traffic_light/oneWayTrafficLight_refined_with_agents_problem.asm,IT16,OK,18010,167,84,0,0,0,76,0,13,1,12
asm_examples/examples/traffic_light/oneWayTrafficLight_refined_with_agents_problem.asm,IT17,OK,18161,189,85,0,0,0,85,0,13,1,12
asm_examples/examples/traffic_light/oneWayTrafficLight_refined_with_agents_problem.asm,IT18,OK,19805,181,94,0,0,0,86,0,13,1,12
asm_examples/examples/traffic_light/oneWayTrafficLight_refined_with_agents_problem.asm,IT19,OK,20443,199,97,0,0,0,93,0,13,1,12
asm_examples/examples/traffic_light/oneWayTrafficLight_refined_with_agents_problem.asm,IT20,OK,20002,183,94,0,0,0,106,0,13,1,12
asm_examples/examples/traffic_light/oneWayTrafficLight_refined_with_agents_problem.asm,ALL,OK,235925,2536,1048,0,0,0,1052,0,13,1,12
asm_examples/examples/models/FlipFlop.asm,IT1,OK,1642,108,4,7,20,3,6,0,1,1,0
asm_examples/examples/models/FlipFlop.asm,ALL,OK,1642,108,4,7,20,3,6,0,1,1,0
asm_examples/examples/traffic_light/oneWayTrafficLight_refined_with_agents_seq.asm,IT1,OK,5768,348,10,100,61,214,0,0,9,1,8
asm_examples/examples/traffic_light/oneWayTrafficLight_refined_with_agents_seq.asm,IT2,OK,6997,573,20,400,229,887,0,0,9,1,8
asm_examples/examples/traffic_light/oneWayTrafficLight_refined_with_agents_seq.asm,IT3,OK,11448,872,30,900,466,1911,0,0,9,1,8
asm_examples/examples/traffic_light/oneWayTrafficLight_refined_with_agents_seq.asm,IT4,OK,17356,1490,40,1600,836,3352,0,0,9,1,8
asm_examples/examples/traffic_light/oneWayTrafficLight_refined_with_agents_seq.asm,IT5,OK,25197,3003,50,2500,1256,5124,0,0,9,1,8
asm_examples/examples/traffic_light/oneWayTrafficLight_refined_with_agents_seq.asm,IT6,OK,34659,4583,60,3600,1833,7435,0,0,9,1,8
asm_examples/examples/traffic_light/oneWayTrafficLight_refined_with_agents_seq.asm,IT7,OK,47043,7195,70,4900,2566,10090,0,0,9,1,8
asm_examples/examples/traffic_light/oneWayTrafficLight_refined_with_agents_seq.asm,IT8,OK,60217,10074,80,6400,3291,12894,0,0,9,1,8
asm_examples/examples/traffic_light/oneWayTrafficLight_refined_with_agents_seq.asm,IT9,OK,77907,14491,90,8100,4185,16589,0,0,9,1,8
asm_examples/examples/traffic_light/oneWayTrafficLight_refined_with_agents_seq.asm,IT10,OK,99029,19344,100,10000,5029,20439,0,0,9,1,8
asm_examples/examples/traffic_light/oneWayTrafficLight_refined_with_agents_seq.asm,IT11,OK,122410,25548,110,12100,6248,24536,0,0,9,1,8
asm_examples/examples/traffic_light/oneWayTrafficLight_refined_with_agents_seq.asm,IT12,OK,156455,33818,120,14400,7336,29092,0,0,9,1,8
asm_examples/examples/traffic_light/oneWayTrafficLight_refined_with_agents_seq.asm,ALL,OK,664486,121339,780,65000,33336,132563,0,0,9,1,8
asm_examples/examples/traffic_light/Timer/oneWayTrafficLight_refinedSec.asm,ALL,MUTATION_ERROR,0,162,10,100,100,180,0,0,9,0,
asm_examples/examples/hemodialysisDevice/ABZ2016/Hemodialysis_ref3_par.asm,IT1,OK,32605,141,10,100,109,292,0,0,57,1,25
asm_examples/examples/hemodialysisDevice/ABZ2016/Hemodialysis_ref3_par.asm,IT2,OK,62488,53,20,400,419,1188,0,0,57,1,25
asm_examples/examples/hemodialysisDevice/ABZ2016/Hemodialysis_ref3_par.asm,IT3,OK,105237,116,30,900,929,2666,0,0,57,1,25
asm_examples/examples/hemodialysisDevice/ABZ2016/Hemodialysis_ref3_par.asm,IT4,OK,160355,176,40,1600,1639,4755,0,0,57,1,25
asm_examples/examples/hemodialysisDevice/ABZ2016/Hemodialysis_ref3_par.asm,IT5,OK,223087,364,50,2500,2549,7458,0,0,57,1,25
asm_examples/examples/hemodialysisDevice/ABZ2016/Hemodialysis_ref3_par.asm,IT6,OK,297190,413,60,3600,3659,10748,0,0,57,1,25
asm_examples/examples/hemodialysisDevice/ABZ2016/Hemodialysis_ref3_par.asm,ALL,OK,880962,1263,210,9100,9304,27107,0,0,57,1,25
asm_examples/examples/traffic_light/oneWayTrafficLight_inline.asm,IT1,OK,5261,151,10,100,61,264,0,0,9,1,4
asm_examples/examples/traffic_light/oneWayTrafficLight_inline.asm,IT2,OK,5951,87,20,400,240,892,0,0,9,1,4
asm_examples/examples/traffic_light/oneWayTrafficLight_inline.asm,IT3,OK,9098,148,30,900,484,1934,0,0,9,1,4
asm_examples/examples/traffic_light/oneWayTrafficLight_inline.asm,IT4,OK,14246,162,40,1600,855,3428,0,0,9,1,4
asm_examples/examples/traffic_light/oneWayTrafficLight_inline.asm,IT5,OK,19921,237,50,2500,1328,5222,0,0,9,1,4
asm_examples/examples/traffic_light/oneWayTrafficLight_inline.asm,IT6,OK,26525,316,60,3600,1886,7554,0,0,9,1,4
asm_examples/examples/traffic_light/oneWayTrafficLight_inline.asm,IT7,OK,34579,426,70,4900,2527,10108,0,0,9,1,4
asm_examples/examples/traffic_light/oneWayTrafficLight_inline.asm,IT8,OK,44446,553,80,6400,3266,13292,0,0,9,1,4
asm_examples/examples/traffic_light/oneWayTrafficLight_inline.asm,IT9,OK,55395,692,90,8100,4161,16520,0,0,9,1,4
asm_examples/examples/traffic_light/oneWayTrafficLight_inline.asm,IT10,OK,69034,854,100,10000,5015,20386,0,0,9,1,4
asm_examples/examples/traffic_light/oneWayTrafficLight_inline.asm,IT11,OK,84442,1069,110,12100,6230,24504,0,0,9,1,4
asm_examples/examples/traffic_light/oneWayTrafficLight_inline.asm,IT12,OK,106084,1271,120,14400,7355,29472,0,0,9,1,4
asm_examples/examples/traffic_light/oneWayTrafficLight_inline.asm,IT13,OK,129946,1489,130,16900,8640,34412,0,0,9,1,4
asm_examples/examples/traffic_light/oneWayTrafficLight_inline.asm,ALL,OK,604928,7455,910,81900,42048,167988,0,0,9,1,4
asm_examples/examples/traffic_light/oneWayTrafficLight2.asm,IT1,OK,4325,272,10,100,65,256,0,0,6,1,5
asm_examples/examples/traffic_light/oneWayTrafficLight2.asm,IT2,OK,4674,387,20,400,236,864,0,0,6,1,5
asm_examples/examples/traffic_light/oneWayTrafficLight2.asm,IT3,OK,7255,624,30,900,486,2006,0,0,6,1,5
asm_examples/examples/traffic_light/oneWayTrafficLight2.asm,IT4,OK,11049,1138,40,1600,858,3390,0,0,6,1,5
asm_examples/examples/traffic_light/oneWayTrafficLight2.asm,IT5,OK,15861,2085,50,2500,1339,5250,0,0,6,1,5
asm_examples/examples/traffic_light/oneWayTrafficLight2.asm,IT6,OK,22244,3881,60,3600,1896,7584,0,0,6,1,5
asm_examples/examples/traffic_light/oneWayTrafficLight2.asm,IT7,OK,29246,5405,70,4900,2572,10024,0,0,6,1,5
asm_examples/examples/traffic_light/oneWayTrafficLight2.asm,IT8,OK,38740,7942,80,6400,3285,13320,0,0,6,1,5
asm_examples/examples/traffic_light/oneWayTrafficLight2.asm,IT9,OK,49236,11118,90,8100,4133,16644,0,0,6,1,5
asm_examples/examples/traffic_light/oneWayTrafficLight2.asm,IT10,OK,62134,15177,100,10000,5133,20532,0,0,6,1,5
asm_examples/examples/traffic_light/oneWayTrafficLight2.asm,IT11,OK,77693,19853,110,12100,6231,24688,0,0,6,1,5
asm_examples/examples/traffic_light/oneWayTrafficLight2.asm,IT12,OK,94021,25553,120,14400,7319,29234,0,0,6,1,5
asm_examples/examples/traffic_light/oneWayTrafficLight2.asm,IT13,OK,114230,32462,130,16900,8631,34366,0,0,6,1,5
asm_examples/examples/traffic_light/oneWayTrafficLight2.asm,IT14,OK,143239,41261,140,19600,9963,40030,0,0,6,1,5
asm_examples/examples/traffic_light/oneWayTrafficLight2.asm,ALL,OK,673947,167158,1050,101500,52147,208188,0,0,6,1,5
asm_examples/examples/hemodialysisDevice/SCP2017/HemodialysisRef1.asm,IT1,OK,13572,222,10,100,177,700,0,0,21,2,17;20
asm_examples/examples/hemodialysisDevice/SCP2017/HemodialysisRef1.asm,IT2,OK,22867,170,20,400,774,2762,0,0,21,4,17;20;10;12
asm_examples/examples/hemodialysisDevice/SCP2017/HemodialysisRef1.asm,IT3,OK,39984,288,30,900,2088,6497,0,0,21,5,17;18;20;10;12
asm_examples/examples/hemodialysisDevice/SCP2017/HemodialysisRef1.asm,IT4,OK,59753,481,40,1600,3866,12044,0,0,21,6,17;18;20;10;12;13
asm_examples/examples/hemodialysisDevice/SCP2017/HemodialysisRef1.asm,IT5,OK,89409,732,50,2500,6204,19869,0,0,21,6,17;18;20;10;12;13
asm_examples/examples/hemodialysisDevice/SCP2017/HemodialysisRef1.asm,IT6,OK,132468,1036,60,3600,8950,30056,0,0,21,6,17;18;20;10;12;13
asm_examples/examples/hemodialysisDevice/SCP2017/HemodialysisRef1.asm,IT7,OK,185933,1441,70,4900,11835,42503,0,0,21,6,17;18;20;10;12;13
asm_examples/examples/hemodialysisDevice/SCP2017/HemodialysisRef1.asm,IT8,OK,237405,2114,80,6400,15413,57763,0,0,21,7,16;17;18;20;10;12;13
asm_examples/examples/hemodialysisDevice/SCP2017/HemodialysisRef1.asm,ALL,OK,781391,6484,360,20400,49307,172194,0,0,21,7,16;17;18;20;10;12;13
asm_examples/examples/simple_example/MorraCinese/MorraCineseWithAgents.asm,IT1,OK,1977,163,10,100,0,120,0,0,1,1,0
asm_examples/examples/simple_example/MorraCinese/MorraCineseWithAgents.asm,ALL,OK,1977,163,10,100,0,120,0,0,1,1,0
asm_examples/examples/models/LIFT.asm,IT1,OK,5736,696,10,100,484,381,0,0,5,2,2;4
asm_examples/examples/models/LIFT.asm,IT2,OK,7096,804,20,400,1845,1435,0,0,5,2,2;4
asm_examples/examples/models/LIFT.asm,IT3,OK,13024,1266,30,900,4119,3129,0,0,5,2,2;4
asm_examples/examples/models/LIFT.asm,IT4,OK,20783,2370,40,1600,7451,5463,0,0,5,2,2;4
asm_examples/examples/models/LIFT.asm,IT5,OK,30663,3374,50,2500,11644,8497,0,0,5,2,2;4
asm_examples/examples/models/LIFT.asm,IT6,OK,42584,4857,60,3600,16445,12115,0,0,5,2,2;4
asm_examples/examples/models/LIFT.asm,IT7,OK,57477,6747,70,4900,22505,16449,0,0,5,2,2;4
asm_examples/examples/models/LIFT.asm,IT8,OK,73641,8572,80,6400,29084,21348,0,0,5,2,2;4
asm_examples/examples/models/LIFT.asm,IT9,OK,93998,10979,90,8100,36826,26952,0,0,5,2,2;4
asm_examples/examples/models/LIFT.asm,IT10,OK,116690,13359,100,10000,45339,33230,0,0,5,2,2;4
asm_examples/examples/models/LIFT.asm,IT11,OK,147615,16530,110,12100,55060,40184,0,0,5,2,2;4
asm_examples/examples/models/LIFT.asm,ALL,OK,609307,69554,660,50600,230802,169183,0,0,5,2,2;4
asm_examples/examples/hemodialysisDevice/ABZ2016/Hemodialysis_ref2_par.asm,IT1,OK,27242,203,10,100,109,292,0,0,50,1,25
asm_examples/examples/hemodialysisDevice/ABZ2016/Hemodialysis_ref2_par.asm,IT2,OK,50939,72,20,400,419,1167,0,0,50,1,25
asm_examples/examples/hemodialysisDevice/ABZ2016/Hemodialysis_ref2_par.asm,IT3,OK,86767,101,30,900,929,2678,0,0,50,1,25
asm_examples/examples/hemodialysisDevice/ABZ2016/Hemodialysis_ref2_par.asm,IT4,OK,132524,178,40,1600,1639,4762,0,0,50,1,25
asm_examples/examples/hemodialysisDevice/ABZ2016/Hemodialysis_ref2_par.asm,IT5,OK,188477,294,50,2500,2549,7452,0,0,50,1,25
asm_examples/examples/hemodialysisDevice/ABZ2016/Hemodialysis_ref2_par.asm,IT6,OK,244270,370,60,3600,3659,10737,0,0,50,1,25
asm_examples/examples/hemodialysisDevice/ABZ2016/Hemodialysis_ref2_par.asm,ALL,OK,730219,1218,210,9100,9304,27088,0,0,50,1,25
asm_examples/examples/sluicegate/Timer/sluiceGateMotorCtl2.asm,ALL,MUTATION_ERROR,0,164,10,100,100,140,0,0,7,0,
asm_examples/examples/hemodialysisDevice/SCP2017/HemodialysisRef2.asm,IT1,OK,60550,405,10,100,169,1072,0,0,67,3,66;20;13
asm_examples/examples/hemodialysisDevice/SCP2017/HemodialysisRef2.asm,IT2,OK,129435,363,20,400,779,3501,0,0,67,4,66;20;13;15
asm_examples/examples/hemodialysisDevice/SCP2017/HemodialysisRef2.asm,IT3,OK,230989,728,30,900,1995,7527,0,0,67,5,16;66;20;13;15
asm_examples/examples/hemodialysisDevice/SCP2017/HemodialysisRef2.asm,IT4,OK,361710,1270,40,1600,3941,13917,0,0,67,6,16;66;20;21;13;15
asm_examples/examples/hemodialysisDevice/SCP2017/HemodialysisRef2.asm,ALL,OK,782684,2766,100,3000,6884,26017,0,0,67,6,16;66;20;21;13;15

